drug_city_2022,Prscrbr_State_Abrvtn,POPESTIMATE2022,total_prescriptions_2022,avg_aqi_2022,all_prescriptions_2022,asthma_fraction_2022,rate_per_1000_2022,total_cost_all_2022,total_cost_asthma_2022,asthma_cost_fraction_2022
Aberdeen,SD,42018,6691,25.834285714285713,239476,0.02794016936979071,159.24127754771763,13678401,535701.07,0.03916401266493064
Aberdeen,WA,77080,4710,25.136986301369863,99734,0.04722562014959793,61.10534509600416,4576307.43,447993.35,0.097894067838008
Ada,OK,38074,15297,38.774193548387096,349787,0.04373232853136337,401.7702369070757,23597530.58,1192783.68,0.05054697041100307
Adrian,MI,98284,7842,44.97260273972603,167491,0.046820426172152534,79.78918236945994,9034620.03,1333266.49,0.14757305626277678
Akron,OH,698506,62482,46.45303867403315,1225706,0.05097633527126407,89.45091380746908,98555019.07,8362778.99,0.08485391275770772
Albany,GA,145873,33435,49.57541899441341,745464,0.04485126042303854,229.20622733473638,59859799.77,4486532.86,0.07495068271592382
Albany,NY,904216,52054,41.772602739726025,1376017,0.03782947449050411,57.56810319658135,184454915.81,7285100.04,0.039495288092533706
Albany,OR,130516,9882,38.46027397260274,232002,0.04259446039258282,75.71485488369242,8358613.74,1057970.8,0.1265725194283233
Albuquerque,NM,920200,116935,70.73424657534247,2367492,0.04939193036343945,127.07563573136274,180008138.51,13013788.07,0.07229555384395604
Alexandria,LA,148999,26054,39.54621848739496,812830,0.03205344290934144,174.86023396130176,55126838.26,3528444.18,0.0640059232738591
Alexandria,VA,155235,16330,52.30958904109589,398226,0.04100686544826305,105.19534898701968,32722504.89,1644238.75,0.05024794879020644
Allen,TX,889799,10559,48.8027397260274,169413,0.06232697608802158,11.866724956984667,13979468.67,2075471.43,0.1484656877162986
Allentown,PA,871414,68039,48.73424657534247,1566029,0.043446832721488554,78.0788465643196,150105573.88,8576577.68,0.05713697005586506
Altoona,PA,120796,29090,44.192837465564736,739159,0.03935553784774318,240.81923242491473,62448910.4,5137568.05,0.08226833770345494
Amarillo,TX,270751,43359,49.36164383561644,1183456,0.03663761052375416,160.1434528404327,88821999.19,6118260.36,0.06888226358103436
Americus,GA,33383,7219,36.10504201680672,191126,0.037770894593095655,216.24779079172032,6959642.57,368758.4,0.05298524978704474
Anacortes,WA,131229,3105,36.082191780821915,103637,0.02996034234877505,23.66092860571977,3846428.77,271673.88,0.07063016014202701
Anaheim,CA,3158489,50819,85.84931506849315,1427175,0.03560810692451872,16.089655528323828,100784484.67,3974371.78,0.03943436128103784
Anchorage,AK,287520,25166,32.16712328767123,663999,0.03790065948894501,87.52782415136339,63845815.48,3441376.3,0.05390136023993659
Anderson,SC,210069,40495,50.1972602739726,770082,0.05258530909695331,192.76999462081505,57621580.15,5048546.22,0.08761554623905954
Ann Arbor,MI,367947,39379,48.00547945205479,1156975,0.034036171913827004,107.02356589400104,206999830.11,4863559.4,0.023495475321962812
Appleton,WI,245306,31912,43.52054794520548,742797,0.0429619398032033,130.09058074405027,47898942.18,4780596.85,0.09980589617271585
Arcata,CA,135013,4063,26.92054794520548,79442,0.051144231011303845,30.09339841348611,4532929.8,315575.79,0.06961850368827684
Ardmore,OK,48488,13879,47.85205479452055,290068,0.04784740129900575,286.2357696749711,13964281.71,1631902.71,0.11686263166915156
Arkadelphia,AR,21136,3216,34.61432506887052,90900,0.03537953795379538,152.1574564723694,2584947.16,230908.8,0.08932824762267093
Arlington,TX,7973603,48980,66.52602739726028,1047804,0.04674538367862692,6.142768833612609,75812568.91,4499924.74,0.059355919535480105
Artesia,NM,60221,2360,57.37534246575343,50284,0.04693341818471084,39.18898723036814,997779.7,129395.58,0.1296835163112659
Asheville,NC,414360,69898,41.54794520547945,1749233,0.039959227844432385,168.689062650835,147306345.32,8224564.87,0.055833065793149776
Ashland,KY,369936,35821,46.326027397260276,677026,0.052909341738722,96.83026253189742,48211613.72,5614724.41,0.11645999743150685
Ashtabula,OH,96987,8205,41.16317991631799,119373,0.0687341358598678,84.5989668718488,5816242.64,1265800.18,0.21763194184759801
Athens,GA,220609,35911,47.889502762430936,846059,0.04244503042931994,162.78121019541362,104464928.82,6132532.52,0.05870422341039221
Athens,OH,61029,12350,29.563025210084035,263555,0.046859289332397414,202.36281112258106,11715782.03,1765314.11,0.15067829919331474
Athens,TN,67945,5735,39.91316526610644,147668,0.03883712110951594,84.40650526160866,5842070.32,372807.98,0.06381436024891943
Atlanta,GA,4874423,130108,55.50958904109589,3703683,0.035129356373102126,26.691979748167117,490701061.08,13950456.55,0.028429644148916217
Atlantic City,NJ,371526,4079,37.12328767123287,81037,0.050335032145809935,10.979043189440308,4665318.86,134676.86,0.028867664578022
Auburn,ME,113454,5625,33.24022346368715,112377,0.0500547265009744,49.57956528637157,4091908.2399999998,421285.69,0.10295580088570119
Augusta,GA,624645,58147,49.23561643835617,1416031,0.041063366550591056,93.0880740260468,121174897.98,9185399.4,0.07580282346526965
Augusta,ME,127143,10032,30.980295566502463,240428,0.04172558936563129,78.90328213114367,21166143.830000002,2281374.55,0.10778413717318104
Aurora,CO,2991705,37307,67.01643835616439,1191216,0.03131841748263959,12.47014662207671,130354264.37,4249370.4,0.03259862974592459
Austin,TX,2430375,112831,53.15890410958904,2841812,0.039703893149863535,46.425345882837014,265664369.63,14263000.7,0.053688045257497555
Bakersfield,CA,917293,95297,87.63287671232877,2102353,0.045328734042285004,103.88937885713726,129026733.26,10745320.47,0.08327979945324394
Baltimore,MD,2846006,142713,50.83561643835616,3457878,0.04127184359887769,50.145010235396555,394996489.39,13877345,0.03513283123460421
Bangor,ME,154817,27109,33.41274238227147,542189,0.04999917003111461,175.10350930453376,37121114.03,4618452.35,0.12441577982459055
Baraboo,WI,65916,4838,41.37222222222222,79118,0.061149169594782476,73.3964439589781,4093007.66,623750.25,0.1523941076621391
Baton Rouge,LA,873586,106229,56.45479452054794,2788385,0.03809696293732752,121.60107877186677,220644056.7,13239965.42,0.060005991632042004
Bay City,MI,102754,22564,33.240112994350284,476955,0.047308446289482234,219.59242462580534,25220004.1,2804591.89,0.11120505289687879
Beatrice,NE,21542,3023,25.323741007194243,77094,0.039211871222144395,140.33051712932877,2440212.34,217043.38,0.0889444645624569
Beaumont,TX,395039,46801,50.23561643835617,1066876,0.04386732853677466,118.47184708345252,76072570.85,7649519.36,0.10055555208043822
Beaver Dam,WI,88539,4800,43.63013698630137,127893,0.0375313738828552,54.2133974858537,6413082.9,346863.36,0.05408683552180496
Bellevue,WA,2271238,18501,60.43013698630137,628875,0.029419200954084675,8.145777765254016,39930095.88,3116091.8,0.07803867562363588
Bellingham,WA,230701,20555,36.56851311953353,609969,0.033698433854835244,89.09800997828359,42726942.58,1903301.2,0.04454569143196578
Beloit,WI,163959,7162,39.693069306930695,211874,0.03380310939520659,43.68165212034716,14825177.11,753485.47,0.05082471962454687
Bemidji,MN,46440,7710,25.30057803468208,207937,0.03707853821109278,166.02067183462532,11489096.93,828764.38,0.07213485838351266
Bend,OR,258203,25007,33.06575342465754,666850,0.037500187448451676,96.8501527867608,76230815.63,4222539.53,0.05539150401452946
Bennington,VT,37367,4769,37.556164383561644,97334,0.04899623975178252,127.62598014290685,8810128.21,672533.7,0.07633642598261346
Billings,MT,190252,27139,33.93972602739726,746093,0.03637482190558013,142.64764627967116,57306657.68,3211027.6,0.056032365697025244
Biloxi,MS,421071,8799,48.64931506849315,247394,0.0355667477788467,20.89671338087876,8452015.38,638167.75,0.0755048022640962
Birmingham,AL,1181300,161454,54.3013698630137,3975428,0.040612985570358716,136.67484974180988,391015909.71,21897267.82,0.05600096383863327
Bishop,CA,18745,2018,75.7041095890411,42313,0.04769219861508284,107.65537476660442,2369318.35,173244.66,0.07312004315502811
Bismarck,ND,136035,24277,45.69315068493151,637608,0.038075118254476105,178.46142536847134,40126451.93,3296951.67,0.08216404669297657
Blacksburg,VA,181397,6946,38.684357541899445,199880,0.034750850510306186,38.291702729372595,10926458.22,889086.32,0.08137003794812478
Bloomington,IL,171571,19754,48.14246575342466,432216,0.045703999851925886,115.13600783349168,31879720.93,2920220.3,0.09160118767702148
Bloomington,MN,3696911,7065,49.35342465753425,275915,0.025605711904028414,1.9110549320770773,13687335.74,599166.79,0.04377526798359956
Boise,ID,814129,45655,59.61643835616438,1076649,0.04240472057281435,56.078336479845326,66864644.69,5156848.43,0.07712369450115746
Bossier City,LA,385316,14110,50.9013698630137,356187,0.0396140229710798,36.61929429351493,16629684.95,2294271.24,0.13796239958232043
Boston,MA,4931775,143467,50.0027397260274,3753819,0.03821894449359439,29.090337657334327,749326319.86,24082561.080000002,0.03213894993639014
Boulder,CO,328039,12190,52.084931506849315,342983,0.03554112011382488,37.16021570605934,36625998.01,2398972.03,0.06549915798458265
Bowling Green,KY,186420,34762,45.249315068493154,854203,0.04069524457301133,186.47140864714086,60593521.1,4375089.22,0.07220391125281543
Bozeman,MT,124733,7088,36.43561643835616,212752,0.03331578551552982,56.82537900956443,16147458.27,1454591.33,0.09008175191896627
Bradenton,FL,894767,58291,46.074380165289256,1444584,0.04035140912539527,65.14656888329587,91991243.6,7235419.07,0.0786533455451623
Brainerd,MN,99149,9650,38.83287671232877,195731,0.049302358849645685,97.32826352257713,10792337.32,1328208.95,0.12306962899858656
Branson,MO,56736,16223,28.1864406779661,261786,0.06197046442514115,285.9383812746757,14937607.84,2358448.79,0.15788664525550966
Bremerton,WA,277876,9934,31.832869080779943,203851,0.04873167166214539,35.749758885258174,13849814.64,1391712.34,0.10048599033091464
Bridgeport,CT,953585,20950,51.31780821917808,393561,0.053231900518598135,21.969724775452637,28488821.669999998,1871799.8499999999,0.06570295787175673
Bristol,TN,311033,20883,39.129120879120876,530501,0.03936467603265592,67.14078570441079,25478708.23,1746205.4,0.06853586862555001
Brookings,SD,35442,3213,38.15659340659341,99378,0.03233109943850752,90.65515490096496,3482425.88,268327.41,0.07705186535082836
Brownsville,TX,425819,18555,48.88767123287671,661607,0.02804535018523081,43.57485222594577,53171990.85,1113797.63,0.02094707405524952
Brunswick,GA,114588,21376,45.825842696629216,479937,0.044539179100590284,186.54658428456733,44564565.28,4202280.41,0.09429645243024348
Bryan,TX,278389,10695,40.492753623188406,345093,0.030991645730281403,38.41746620735733,31898856.88,958889.77,0.03006031763480548
Buffalo,NY,1159211,76522,46.912328767123284,1619777,0.047242305576631845,66.01214101660526,152803114.4,9124000.95,0.05971083106405584
Burlington,VT,228290,14502,41.29041095890411,351647,0.04124022101709954,63.52446449691182,66435387.95,2828197.06,0.042570641148788536
Butte,MT,35876,6243,35.175342465753424,143738,0.04343319094463538,174.01605530159438,4866001.41,740854.0700000001,0.1522511005602031
Cadillac,MI,49290,8313,47.868493150684934,185604,0.0447889054115213,168.65489957395008,9278882.12,782358.97,0.08431608030817403
Cambridge,MD,32599,4017,43.99452054794521,115541,0.03476687928960283,123.224638792601,5713752.83,360897.18,0.06316289674014477
Camden,NJ,525395,27816,58.41095890410959,464539,0.059878718471430815,52.943023820173394,44336433.17,2242052.29,0.05056907219855187
Canton,OH,399685,49644,48.85753424657534,1267835,0.03915651484617478,124.20781365325193,79790953.33,5728869.07,0.07179847878626669
Cape Coral,FL,826567,38940,41.74834437086093,833830,0.04670016670064642,47.11051856655298,55088748.7,4999712.79,0.09075742157853732
Carlisle,PA,604003,11008,49.96986301369863,270902,0.04063462063772139,18.22507504101801,14634780.88,1809736.29,0.12365995123802632
Carlsbad,CA,3283755,4902,68.58356164383562,160684,0.03050708222349456,1.4928032085219511,11883975.51,420058.16,0.03534660262860134
Carson City,NV,58094,14745,46.612637362637365,346848,0.042511417104898974,253.81278617413156,30852349.63,3064019.47,0.09931235405878551
Casper,WY,79565,12428,43.038356164383565,332976,0.03732401134015665,156.1993338779614,21727258.71,1347751.3699999999,0.062030437801143104
Cedar City,UT,62607,4037,42.63013698630137,127037,0.03177814337555201,64.48160748798058,6802349.13,199659.91999999998,0.02935161312427373
Cedar Falls,IA,167720,6356,46.221917808219175,189450,0.033549749274214835,37.89649415692821,8657896.69,437355.37,0.05051519851295431
Cedar Rapids,IA,275663,39319,47.35068493150685,867722,0.04531289975360772,142.63430347924822,64846225.94,5816129.05,0.08969109559870864
Centralia,WA,85307,2893,34.21369863013699,79890,0.03621229190136437,33.91280903091189,2749290.41,185005.55,0.06729210902096006
Champaign,IL,237981,21390,46.23561643835617,429583,0.04979247316583757,89.88112496375761,45086879.28,4126456.79,0.09152234210697405
Chapel Hill,NC,601788,28035,41.48219178082192,715951,0.03915770772022108,46.58617320385252,98398949.22,3207508.4899999998,0.03259697908794396
Charleston,SC,831230,58484,47.43013698630137,1433281,0.04080428052838208,70.3583845626361,205331239.03,10026768.94,0.04883216498067805
Charleston,WV,204643,38433,41.89518413597734,761793,0.05045071298896157,187.80510449905444,58461122.03,4760793.62,0.0814352077874411
Charlotte,NC,2761265,148567,52.23835616438356,3506550,0.04236842480500777,53.80396303867974,329067983.77,18818022.03,0.05718581860930214
Charlottesville,VA,45223,33223,43.46814404432133,841866,0.039463525074061666,734.6482984322137,98408231.99,4548336.03,0.04621906051987796
Chattanooga,TN,575746,92929,53.72701949860724,1899784,0.04891556092692643,161.40624511503339,154199389.35,14414764.87,0.09348133563150196
Chester,VA,378488,5817,43.191616766467064,158071,0.036799919023729845,15.36904736741984,5959789.08,330711.12,0.0554904067175478
Cheyenne,WY,100860,12251,44.03305785123967,280587,0.04366203708653644,121.46539758080507,14840008.57,1408311.02,0.0948996096166001
Chicago,IL,9310017,333053,61.04931506849315,7478497,0.04453475076609645,35.77361888812878,674231002.1,36592251.41,0.05427257319231479
Chico,CA,207384,19531,52.895890410958906,467208,0.04180365062242085,94.17795008293793,35980319.5,2644700.52,0.07350408658822499
Cincinnati,OH,2263213,182210,57.42465753424658,4540759,0.04012765266775885,80.50943503770966,355108454.22,19824370.53,0.055826242080168065
Claremont,NH,224832,2583,36.93424657534246,54026,0.047810313552733866,11.488578138343296,4276619.56,245991.29,0.057520031078004054
Clarksburg,WV,88788,5485,35.557522123893804,111183,0.04933308149627191,61.77636617560932,4327521.99,419948.54,0.09704134166629617
Clarksville,TN,335804,19047,48.95068493150685,380760,0.05002363693665301,56.72058700908863,16946057.62,2151594.27,0.12696724620248281
Clearlake,CA,68239,6631,33.03030303030303,89297,0.07425781381233412,97.1731707674497,3282305.07,782589.08,0.2384266737278019
Clearwater,FL,964693,59088,51.46849315068493,1336468,0.044212057452928166,61.25057401681157,86669609.11,7587149.69,0.08754106275442507
Cleveland,MS,29443,5756,45.38904109589041,230339,0.024989254967678075,195.4963828414224,9863994.05,290430.4,0.02944348896885233
Cleveland,OH,2164363,165542,56.087671232876716,3888481,0.04257240809457472,76.48532154726357,442125223.28,17764234.07,0.04017919162858941
Clinton,IA,46268,8097,50.239010989010985,192849,0.04198621719583716,175.0021613209994,7800965.7,632646.77,0.08109851963584458
Colorado Springs,CO,767534,60807,50.47945205479452,1411856,0.04306883988168765,79.22385197268133,105678986.2,8312653.62,0.07865947544451368
Columbia,MO,214653,58038,38.563265306122446,1438960,0.040333296269527995,270.3805677069503,99907264.36,6570996.29,0.06577095601699648
Columbia,SC,848473,92881,46.21917808219178,2072958,0.044806021154311856,109.46842150545746,145775421.85,10829034.12,0.0742857333737841
Columbus,GA,324118,40657,48.81095890410959,1215856,0.03343899277546025,125.43888336963698,104272576.17,4176234.36,0.0400511286226525
Columbus,IN,83746,20807,42.76712328767123,416662,0.04993735929842414,248.45365748811884,24351861.47,3155305.07,0.12957141177429668
Columbus,OH,2168930,147569,49.5013698630137,3416461,0.04319352686888567,68.03769600678676,341949540.58,16859488.06,0.04930402313570495
Concord,NH,156241,17414,36.094339622641506,469042,0.03712673918327143,111.45601986674431,28637505.09,2860637.4,0.09989129259025127
Conway,AR,758380,24181,51.153424657534245,432654,0.05588992589921739,31.885070808829344,26953167.65,4203017.7,0.15593780124763926
Conway,SC,383372,14144,37.80988593155894,342246,0.04132699870853129,36.89366985591019,21518763.09,2191632.34,0.10184750539953083
Cookeville,TN,145621,30231,34.07780979827089,636976,0.04746018688302228,207.6005521181698,38422219.65,4113974.1999999997,0.10707278854463578
Corning,NY,92420,14705,38.249315068493154,193003,0.0761905255358725,159.11058212508115,11692084.01,2818347.11,0.24104745634649266
Corpus Christi,TX,446869,65731,47.64931506849315,1591562,0.04129967918309183,147.09232459624633,117647591.04,6496748.11,0.05522210911901388
Corsicana,TX,54775,4360,46.17032967032967,111262,0.03918678434685697,79.59835691465085,3371073.5,192595.15,0.05713169706919769
Corvallis,OR,97406,20204,25.37378640776699,434112,0.04654098481497862,207.42048744430528,40214342.02,3117417.22,0.07752003547514465
Crescent City,CA,26758,3436,29.898255813953487,56296,0.061034531760693476,128.41019508184468,2305301.93,377185.1,0.1636163554506719
Crestview,FL,300215,9948,38.83529411764706,217685,0.04569906056917105,33.136252352480724,10580547.15,1256940.62,0.11879731758484721
Dalton,GA,143684,18518,38.02508960573477,523674,0.03536169448931969,128.88004231508032,48616710.38,2272060.64,0.04673415009450502
Danville,VA,42099,24108,3.37465564738292,515430,0.04677259763692451,572.65018171453,27036040.29,2472995.56,0.09147033121247061
Daphne,AL,246577,4844,39.00355871886121,155109,0.031229651406430317,19.644979053196362,14530962.99,505836.99,0.03481097504329959
Davenport,IA,379876,34728,49.04931506849315,606001,0.05730683612733312,91.41930524697534,46798257.18,5333296.5,0.1139635708972357
Dayton,OH,813980,69390,49.99178082191781,1449088,0.047885290610370106,85.24779478611268,105440730.54,11319344.790000001,0.10735267796447875
Daytona Beach,FL,707455,30331,44.83835616438356,741198,0.04092158910304669,42.87339830801959,59154306.31,3825368.58,0.06466762639313249
Dearborn,MI,1763011,62896,61.64383561643836,1190125,0.05284823022791724,35.675330443202,79444301.26,5573993.79,0.07016228604941474
Decatur,AL,157400,21367,47.88493150684931,477348,0.04476189279100363,135.74968233799237,22832778.3,1915913.62,0.08391066539633506
Decatur,IL,101369,25847,47.37260273972603,484313,0.05336837953967785,254.97933293215874,34150777.02,3348367.05,0.09804658465132632
Deming,NM,25677,3453,24.907821229050278,105238,0.03281134191071666,134.478326907349,6399917.04,206789.47,0.032311273522383034
Des Moines,IA,729453,46308,41.967123287671235,1144925,0.04044631744437409,63.48318534573166,114197804.37,5678579.73,0.04972582232493233
Dickinson,ND,37789,3796,39.89531680440771,117573,0.032286324241109776,100.45251263595226,6542466.44,470157.05,0.07186235562868244
Dodge City,KS,33842,2330,23.361878453038674,67474,0.034531819663870526,68.84935878494178,2221635.87,229475.97,0.10329144082463883
Douglas,AZ,125497,2242,45.78630136986301,47717,0.046985351132719996,17.864968883718337,2700022.77,137018.42,0.05074713499545784
Douglas,GA,147690,16073,37.0672268907563,352899,0.04554560936698602,108.82930462455143,16922155.98,835922.62,0.04939811575947901
Dover,DE,187819,22380,42.39835164835165,458631,0.04879739921636348,119.15727375824598,41529602.52,3678940.91,0.08858598895157449
Duluth,MN,280337,33102,37.586301369863016,829527,0.039904668564133536,118.07931168557843,68109275.43,4759320.81,0.06987771900306647
Dunkirk,NY,125310,3030,38.46760563380282,76382,0.039669031970883194,24.18003351687814,6855253.51,216581.05,0.03159344139265829
Durango,CO,56577,9670,48.98082191780822,199720,0.0484177848988584,170.91751064920373,16168601.9,1508604.48,0.0933045719927089
Dyersburg,TN,36392,12484,38.57022471910113,313167,0.0398637148869453,343.04242690701255,15699576.459999999,1277808.07,0.08139124474189798
Eagle Pass,TX,57813,4509,37.49856733524355,181350,0.024863523573200992,77.99283898085206,10075438.11,164174.49,0.01629452617420723
East Hartford,CT,1151750,7281,46.59452054794521,131634,0.05531245726787912,6.321684393314522,10733311.82,588525.76,0.054831702448387455
East Lansing,MI,473375,8405,45.320547945205476,281007,0.029910286932353997,17.755479271190914,32864413.12,476070.17,0.01448588685462581
East Stroudsburg,PA,167437,16475,39.09405940594059,232485,0.0708647869755038,98.39521730561346,20116404.73,2080124.59,0.10340439148641051
Eau Claire,WI,106835,27789,41.345205479452055,616581,0.04506950425004987,260.1113867178359,48567328.48,3816774.24,0.07858727995656063
Effingham,IL,34336,8439,39.2510460251046,219504,0.0384457686420293,245.77702702702703,16581481.2,548034.01,0.03305096832965682
El Centro,CA,179767,12329,76.95342465753424,365476,0.03373408924252208,68.58322161464562,36819178.19,922318.96,0.02504996051895856
El Dorado,AR,37858,8563,44.59130434782609,236258,0.03624427532612652,226.18733160758626,6773595.77,526323.41,0.07770221723756629
El Paso,TX,868890,91043,62.986301369863014,2714867,0.03353497611485203,104.78081230075153,241512786.67,8009097.01,0.033162206939144505
Elizabethtown,KY,126941,25742,45.18508287292818,413307,0.06228300028792157,202.7871215761653,24159655.81,3153385.32,0.13052277502623907
Elkhart,IN,207161,19710,44.146408839779006,461210,0.04273541336918107,95.14339088921177,29314315.32,2560104.73,0.0873329191575333
Elkhorn,WI,105705,3710,40.28,81720,0.045398923152227114,35.097677498699206,3490989,620832.58,0.17783859530923757
Ellensburg,WA,47368,2768,36.34340659340659,63931,0.04329667923229732,58.43607498733322,2415140.71,278135.8,0.11516339352335293
Emporia,KS,34553,4728,27.14876033057851,135914,0.034786703356534276,136.8332706277313,5350109.17,429951.88,0.08036319752331335
Erie,PA,269112,61678,40.04657534246575,1545758,0.0399014593487467,229.19082017895894,102358568.04,8161851.65,0.07973784516808095
Eugene,OR,386187,37621,68.5013698630137,887370,0.04239606928338799,97.4165365483561,58207069.43,4578254.62,0.07865461472005257
Evansville,IN,270133,52962,50.97808219178082,1320216,0.04011616280972204,196.05897835510655,76747056.34,7006326.56,0.09129114384480116
Fairbanks,AK,95749,5891,57.84109589041096,126790,0.04646265478350028,61.52544674095813,13434099.36,984277.57,0.07326710511987757
Fairmont,WV,55799,8175,37.05982905982906,140456,0.0582032807427237,146.50800193551856,5292339.41,797025.3,0.15059980818577168
Fallon,NV,25828,2636,38.12034383954155,40806,0.06459834338087536,102.05978008363017,1484633.97,291719.57,0.19649258732777078
Fargo,ND,259659,28701,42.52054794520548,812985,0.035303234377018024,110.53343038369553,63484088.48,4193625.28,0.06605789545708225
Farmington,NM,120580,11660,52.26301369863014,232984,0.0500463551145143,96.69928678056063,13625932.94,1074766.96,0.07887657782645743
Fayetteville,AR,578367,23406,48.5972602739726,571760,0.040936756681124946,40.46911390172676,49257981.9,3340461.02,0.06781562888186453
Fayetteville,NC,392827,44231,44.41111111111111,932441,0.047435709068992034,112.5966392330466,60624838.34,4572828.91,0.07542830686581588
Flagstaff,AZ,144326,7763,48.06301369863014,235977,0.03289727388686185,53.78795227471142,23306928.94,1052751.59,0.04516903933204337
Flint,MI,402031,53692,45.65384615384615,1258942,0.04264850962157113,133.55189027711793,103725244.29,7379804.01,0.0711476175401158
Florence,SC,136860,43135,44.94490358126722,962445,0.044818145452467414,315.17609235715327,95172134.06,5031372.26,0.052866023334393636
Fond Du Lac,WI,104010,13399,37.679802955665025,342353,0.03913796578385468,128.82415152389194,17574940.94,1491669.81,0.08487481210278251
Fort Atkinson,WI,85809,5065,39.005,122382,0.041386805249137945,59.02644244776189,3604057.55,355723.67,0.0987008850621711
Fort Collins,CO,368017,26499,57.43287671232877,741520,0.03573605566943575,72.00482586402258,67620731.44,4026967.3,0.05955225881537728
Fort Lauderdale,FL,1966237,20774,51.45479452054794,684757,0.03033776945690223,10.565359109812297,80327310.98,2082590.57,0.02592630756080614
Fort Madison,IA,32793,3034,39.27358490566038,89592,0.03386463077060452,92.5197450675449,2455675.29,163234.39,0.06647230220734925
Fort Payne,AL,72046,8923,38.36538461538461,196292,0.0454577873779879,123.85142825417094,7490837.55,585492.81,0.07816119440475652
Fort Smith,AR,230066,39628,42.91208791208791,1000095,0.03962423569760873,172.24622499630541,60370556.37,4427724.34,0.07334244715028457
Fort Wayne,IN,455058,96244,48.446575342465756,2534101,0.03797954383033668,211.49831450056917,197221995.77,14767257.29,0.07487632012010238
Franklin,TN,44156,12129,52.59452054794521,275444,0.04403435907117236,274.6852069933871,21947600.65,2352712.09,0.10719677870573975
Fresno,CA,1017107,121883,75.96164383561644,2651067,0.0459750734326971,119.83301658527569,224135132.62,14483984.37,0.06462166015961554
Gadsden,AL,102821,31066,44.56545961002786,548828,0.05660425488495485,302.1367230429581,37279390.41,3786761.73,0.10157788763048609
Gainesville,FL,349559,50320,41.11878453038674,1325744,0.037956045812766265,143.95280911090833,123840456.89,5934759.96,0.04792262649088487
Gainesville,GA,213126,51323,44.11538461538461,1084327,0.0473316628655378,240.81060030216867,109487763.68,9530944.85,0.08705031986821926
Gettysburg,PA,106017,6899,46.73972602739726,212214,0.03250963649900572,65.07446918890366,25539259.1,625062.57,0.024474577259760832
Gillette,WY,47049,3252,53.23287671232877,96746,0.03361379281830773,69.1194286807371,4181884.41,310587.68,0.07426979073292941
Grand Island,NE,76522,12091,29.922857142857143,329096,0.036740039380606264,158.0068477039283,17778467.91,1418520.85,0.07978870042013649
Grand Junction,CO,158585,20534,45.961643835616435,440122,0.04665524559099522,129.4826118485355,33694169.55,2763750.36,0.08202458754470178
Grand Rapids,MI,1158524,93065,50.21917808219178,2232445,0.041687477183088496,80.33066211835059,225118654.81,12285458.08,0.054573256447222995
Grants Pass,OR,87786,15867,46.87945205479452,351438,0.04514878869103512,180.7463604675005,12887736.17,1560632.21,0.12109436361933222
Grass Valley,CA,102356,10738,59.11232876712329,234488,0.045793388147794344,104.90835906053383,17234587.26,1148678.77,0.06664962454111012
Great Falls,MT,84908,22090,26.969359331476323,450819,0.04899970941774859,260.16394214914965,29194644.44,4033939.2,0.13817394516622516
Green Bay,WI,330902,43692,43.710306406685234,1149692,0.038003221732429204,132.03909314540257,96716392.15,7495004.13,0.07749466210831976
Greenfield,MA,71050,8566,42.0027397260274,188100,0.04553960659223817,120.56298381421534,10678939.24,894192.02,0.08373416122180315
Greensboro,NC,785413,63469,45.295890410958904,1741608,0.036442758646032865,80.80971412492535,148568961.06,7416619.96,0.04992038651333623
Greenville,NC,177090,42162,36.912328767123284,1066068,0.0395490719166132,238.08233101812638,112079385.88,4921147.78,0.043907697578472855
Hagerstown,MD,302325,31713,41.463276836158194,593452,0.053438188766741036,104.89704787893824,51364327.29,5240290.31,0.10202197880279101
Hammond,LA,136734,28135,39.46774193548387,613999,0.04582255019959316,205.76447701376395,40051810.96,3657344.39,0.09131533137546798
Hanford,CA,152776,11603,72.8958904109589,292411,0.039680449777881134,75.94779284704403,15300280.19,613892.18,0.040122937121192685
Hanover,PA,461385,15714,47.16712328767123,351849,0.0446612040960753,34.05832439286063,20520261.36,2182105.73,0.10633908076110392
Harrison,AR,45347,10839,38.016438356164386,249530,0.043437662806075424,239.02352967120206,8695560.06,863028.82,0.09924936565845534
Harrisonburg,VA,51207,15461,34.21917808219178,322002,0.04801522971907007,301.9313765696096,15446774.77,1865616.42,0.12077708439326199
Hattiesburg,MS,155535,37843,48.73698630136986,885119,0.042754703039930224,243.3085800623654,74688121.71,6264977.88,0.08388185077575973
Helena,MT,94332,9555,49.15890410958904,281231,0.03397562857579712,101.29118432769368,12475246.01,1224213.74,0.09813143075645048
Henderson,NV,2321961,60545,70.71506849315068,1259405,0.048074289049193863,26.07494268852922,85849174.73,7863254.82,0.09159383121305865
Hermiston,OR,91989,3572,42.010958904109586,82010,0.04355566394342154,38.8307297611671,2981361.02,231634.21,0.07769411636031921
Hickory,NC,367514,37692,44.61917808219178,918232,0.04104844962928759,102.55935828294976,53891185.06,3567070.09,0.06619023289297843
Hillsboro,OR,2510302,12791,48.69041095890411,339845,0.03763774661978255,5.09540286387853,18582584.01,1046134.6,0.05629650857152239
Hilo,HI,206324,13055,34.293150684931504,275932,0.047312381311337574,63.274267656695294,18867126.51,1654040.3,0.08766784380882385
Hobbs,NM,72300,4687,48.83013698630137,88162,0.05316349447607813,64.8271092669433,3016706.21,281206.65,0.09321645212511431
Holland,MI,121262,18272,43.55813953488372,419796,0.04352590305767563,150.68199435932115,29737962.33,2020761.03,0.06795223585179651
Homosassa,FL,162586,4765,43.4766081871345,84465,0.05641389924820932,29.30756645713653,2466290.76,526820.05,0.21360824868840692
Honolulu,HI,995652,60847,29.646575342465752,1652561,0.036819820871967814,61.112718098291374,242299660.88,11978098.53,0.04943506105826622
Hot Springs,AR,99942,36017,42.330357142857146,741533,0.04857100088600238,360.37901983150226,44760824.84,4124417.72,0.09214346998168499
Houma,LA,200359,27239,44.300561797752806,677242,0.040220482486319514,135.95096801241772,56235594.18,3574729.2,0.06356702106779447
Houston,TX,7403068,366839,68.5068493150685,9285505,0.03950662888017399,49.55229372470981,1026691821.44,43111905.5,0.04199108690622745
Huntsville,AL,515081,48722,47.49315068493151,1374528,0.03544634958327513,94.59094783150611,122263879.12,6603018.7,0.05400629153537035
Idaho Falls,ID,165747,16277,44.43561643835616,519292,0.031344599955323786,98.20388905983215,32432959.86,1140065.79,0.035151456879705216
Indiana,PA,82901,8396,42.73150684931507,261248,0.032138045075943165,101.27742729279501,21909995.77,1136537.28,0.0518730031685442
Iowa City,IA,179356,25176,44.24657534246575,710201,0.035449119333822394,140.36887530944045,86285487.65,3750185.38,0.04346252750186549
Ithaca,NY,105827,12029,35.933518005540165,272702,0.04411042089900331,113.66664461810313,21408245.01,1496167.53,0.06988744426743647
Jackson,MS,145218,72450,50.52876712328767,1755215,0.041276994556222454,498.90509440978394,180241490.1,9252718.96,0.05133512242306968
Jackson,TN,12022,35329,40.629526462395546,1144343,0.03087273658334957,2938.6957245050744,57076884.03,3199384.36,0.05605394222849274
Jacksonville,FL,1681346,179563,52.37534246575343,4178956,0.042968387319703774,106.79717321717243,351337722.98,18600631.6,0.05294231271903258
Jasper,IN,33280,6095,40.707317073170735,147403,0.04134922627083574,183.14302884615387,8933840.58,952326.11,0.10659761627400788
Jefferson City,MO,150377,25505,40.43032786885246,654950,0.03894190396213451,169.6070542702674,38157216.02,2490328.41,0.06526493989222644
Jersey City,NJ,11970876,45156,57.81917808219178,650191,0.06945036150915654,3.7721550202341083,76606721.13,5794986.17,0.07564592354978919
Johnstown,PA,131432,23454,49.75757575757576,601938,0.03896414580903681,178.44969261671434,44655733.6,2986184.22,0.06687123868008743
Joplin,MO,203119,34625,39.96694214876033,768953,0.045028759885194544,170.46657378187172,52724814.16,5328191.4,0.10105661793004982
Kalamazoo,MI,261417,45472,50.27272727272727,1096240,0.04147996789024301,173.9443111962879,86546982.26,6335605.21,0.07320423017138714
Kalispell,MT,111783,12070,45.97534246575343,313218,0.03853546092497877,107.97706270184196,22218763.34,1757243.05,0.07908824731196763
Kansas City,KS,34457,29138,56.06849315068493,806072,0.03614813565041336,845.6336883652089,90026735.66,3348811.54,0.03719796697558055
Keene,NH,77386,14574,38.8,291711,0.04996040601828522,188.32863825498154,15776214.12,2105842.61,0.13348212657245553
Kennewick,WA,311299,11459,39.657534246575345,286346,0.040018020157431916,36.81026922669203,17662703.81,1249110.5,0.07072023136643427
Killeen,TX,494841,9867,48.46027397260274,203159,0.048567870485678705,19.939738218943052,10564881.39,626986.6,0.059346298065727734
Kingman,AZ,220947,17729,19.061624649859944,302576,0.05859354344032574,80.24096276482595,15030973.39,2508257.04,0.16687256207031312
Kingsville,TX,30454,3585,46.622478386167145,100846,0.0355492533169387,117.7185263019636,4292166.14,226999.62,0.05288696024241038
Kinston,NC,54529,17047,39.477178423236516,353351,0.04824381422438312,312.62264116341765,22111055.71,2447667.05,0.11069878716342847
Kissimmee,FL,2783767,80275,45.25205479452055,1458574,0.05503663166901371,28.836824346290477,87294498.44,9972387.99,0.11423844764804172
Klamath Falls,OR,70404,8055,41.23561643835617,190591,0.04226327581050522,114.4111130049429,10140469.78,1187712.32,0.11712596613053564
Knoxville,TN,933626,134059,51.794520547945204,2986150,0.044893592083451936,143.58961725573198,233317233.57,15914767.94,0.0682108547940812
Kokomo,IN,83574,28887,45.574175824175825,516260,0.05595436408011467,345.64577500179485,40007766.96,4045875.26,0.10112724521828698
La Crosse,WI,170184,27969,41.31780821917808,702852,0.03979358385549162,164.3456494147511,47221964.27,3466543.76,0.07340956297750381
La Grande,OR,26167,3539,33.8393351800554,96089,0.03683043844768912,135.24668475560821,4735011.82,317568.06,0.06706806066642511
La Porte,IN,111810,7463,39.27945205479452,172135,0.04335550585296424,66.74716036132725,7145382.36,757639.55,0.10603205144643932
Laconia,NH,64647,8652,31.743016759776538,144251,0.05997878697548024,133.8345166829087,5848934.52,1565351.46,0.2676301905325485
Lafayette,IN,227077,31089,43.07397260273972,839024,0.03705376723431034,136.90950646696936,52476576.1,4255404.04,0.08109149560159662
Lafayette,LA,248145,46868,46.95342465753425,1579995,0.02966338501071206,188.87344093171333,103477126,4712034.96,0.04553697171682174
Lake Charles,LA,239542,34637,50.97260273972603,836722,0.04139606703301694,144.59677217356457,60493540.58,4122255.56,0.06814373105750855
Lake City,FL,71941,16684,45.17906336088154,333091,0.050088414277179506,231.91226143645488,16747773.14,1789605.06,0.10685629934440347
Lakeland,FL,790530,98285,43.80165289256198,1801176,0.05456712725463808,124.32798249275803,104652257.17,10773369.38,0.1029444530995585
Lancaster,PA,556991,62115,60.10958904109589,1315085,0.047232688381359376,111.51885757579566,116634246.08,8183506.0200000005,0.07016383519456965
Laramie,WY,100860,2020,52.07123287671233,55038,0.03670191504051746,20.027761253222288,2300651.71,226954.4,0.09864787399740746
Laredo,TX,268276,27385,45.99168975069252,667461,0.041028614405935325,102.07771101403031,57439963.98,2255281.73,0.039263285937736064
Las Cruces,NM,223604,26955,61.93972602739726,633446,0.04255295636881439,120.54793295289888,37482881.46,2562301.34,0.0683592413441952
Lawrenceburg,TN,45476,4359,28.854700854700855,137611,0.03167624681166477,95.85275749846073,4627595.32,196827.77,0.0425334879973904
Lawton,OK,127863,14264,48.15014164305949,323787,0.04405365255553805,111.55690074532897,16880064.6,843495.26,0.04996990710568726
Lebanon,PA,144003,13517,46.34065934065934,331906,0.040725386103294306,93.86610001180532,20886692.62,2158479.28,0.103342320360149
Lewiston,ID,65500,8393,47.4,254318,0.03300198963502387,128.13740458015266,14719466.22,505942.67,0.03437235171697686
Lexington,KY,519557,104049,45.72054794520548,2452214,0.042430636151657236,200.26484100878247,243765272.26,13855010.81,0.056837508811436635
Lima,OH,101086,31631,42.865753424657534,779300,0.040588990119337864,312.9117780899432,55683477.24,5613095.12,0.10080360276006355
Lincoln,NE,33619,62253,37.31768953068592,1476437,0.04216434565105047,1851.7207531455426,106862365.51,8169533.65,0.07644911855554525
Lodi,CA,795880,11659,54.49589041095891,267585,0.04357120167423435,14.649193345730511,21509543.12,1554513.21,0.07227086141846419
Logan,UT,155622,4983,50.16986301369863,230207,0.02164573622869852,32.019894359409335,18059564.34,306161.52999999997,0.01695287462288805
Longview,TX,290804,41213,37.06849315068493,952176,0.0432829644939591,141.7208841694062,58507516.49,5042733.65,0.08618950098252581
Longview,WA,112058,17949,26.80716253443526,375039,0.047859022661643186,160.17598029591818,21132085.25,1939730.77,0.0917907886066284
Louisville,KY,1365960,224343,54.8,4443105,0.0504923921446826,164.23833787226567,343730758.61,25887916.05,0.07531451696289031
Lubbock,TX,318324,62140,28.095100864553313,1628572,0.03815612696276247,195.20991191364772,125494558.14,6648772.96,0.05298056791102225
Ludington,MI,29357,5852,37.851694915254235,156188,0.03746766717033319,199.3391695336717,7797425.27,531007.05,0.06810030639767838
Lynchburg,VA,79279,29438,31.28448275862069,732860,0.040168654313238544,371.3215353372268,59777379.04,3409578.17,0.05703793349183949
Macon,GA,233969,53057,46.1972602739726,1458032,0.036389461959682644,226.76935833379636,118988344.35,7558532.66,0.06352330307048264
Madera,CA,160414,10044,59.06849315068493,196753,0.05104877689285551,62.61298889124391,12576462.43,1208391.07,0.09608354310489521
Madison,WI,690029,70782,45.298630136986304,1733948,0.04082129337211958,102.57829743387596,172199754.35999998,9334847.57,0.054209412810686204
Manchester,NH,426307,22407,40.16712328767123,629743,0.03558118152960811,52.56071328878016,37235075.73,2758031.59,0.07407079308765516
Manitowoc,WI,81256,7320,43.333333333333336,215604,0.033951132632047645,90.0856552131535,8399159.78,672912.07,0.08011659351954845
Marietta,OH,58883,16718,39.68571428571428,396601,0.042153196789720654,283.9189579335292,28252583.47,2325065.46,0.08229567616246034
Marshall,MN,25513,2964,39.01123595505618,94485,0.03137005873948246,116.17606710304551,3342661.92,197446.03,0.05906850130987821
Mason City,IA,49724,8660,18.23931623931624,305733,0.028325368867606702,174.1613707666318,26995790.01,667955.46,0.0247429491692064
Mcalester,OK,43517,6502,47.60344827586207,126762,0.05129297423518089,149.41287313004113,3653406.82,473342.73,0.12956200974081503
Medford,OR,222153,34252,47.50410958904109,797081,0.04297179333091618,154.18202770162907,60094276.55,5810077.29,0.0966827063000894
Melbourne,FL,631956,49769,43.04657534246575,1256330,0.03961459170759275,78.75390058801563,102076702.49,6013360.1,0.058910211177610305
Memphis,TN,1341175,92321,54.48219178082192,2516784,0.03668213084634994,68.83590881130353,192271793.84,9458416.86,0.049192950620052314
Merced,CA,292034,27740,59.25753424657534,457354,0.06065323578672101,94.98893964401405,25648975.56,2728510.6,0.1063789309486168
Meridian,MS,86535,19621,35.704166666666666,581563,0.03373839119751428,226.7406251805628,30207649.74,1597084.66,0.05287020585004969
Mesa,AZ,5029933,74452,94.55342465753425,1733906,0.04293889057422951,14.801787618244617,113095826.45,11774928.97,0.10411461978400884
Metairie,LA,975662,41891,52.227397260273975,1074664,0.03898055578301683,42.93597577849706,67699447.51,3903893.96,0.05766507857281034
Miami,OK,30366,7814,54.37260273972603,145274,0.05378801437284029,257.32727392478427,5488703.63,784078.47,0.14285312577534814
Middlesboro,KY,23514,10030,47.84931506849315,161064,0.06227338200963592,426.5543931274985,5583085.18,643764.99,0.11530631707109294
Milwaukee,WI,1564152,141646,51.61369863013699,3010886,0.047044624074109746,90.55769516006117,288718417.87,18236945.57,0.06316516176744731
Minot,ND,76306,9779,38.559888579387184,263533,0.03710730724425404,128.15505989044112,12116493.3,923404.04,0.07621050225810796
Mishawaka,IN,324205,10342,51.95068493150685,349775,0.029567579158030162,31.899569716691598,33724432.06,1179094.56,0.03496262169522211
Missoula,MT,120931,16822,57.465753424657535,481024,0.03497122804683342,139.10411722387147,42231955.18,2642522.18,0.06257162778131174
Mobile,AL,411291,80799,42.33884297520661,2227202,0.03627825406047588,196.45214701999313,201473353.48,10782427.91,0.05351788573405743
Modesto,CA,552410,59273,63.6986301369863,1409170,0.04206234875848904,107.29892652196737,94761997.09,6310383.87,0.06659192570632219
Monroe,LA,222766,28147,38.089136490250695,745172,0.03777248742572185,126.35231588303422,46737532.99,2792688.86,0.059752594570995556
Monroe,MI,155412,11178,38.459016393442624,322405,0.03467067818427134,71.92494788047254,17847753.26,1109613.94,0.0621710712735391
Montgomery,AL,226554,51181,41.602739726027394,1448355,0.03533733097203379,225.91082037836455,114969029.52,5360129.18,0.04662237475934815
Morehead City,NC,69369,9286,36.36768802228412,232966,0.039859893718396676,133.86382966454758,15432393.24,937935.05,0.0607770314956023
Morgantown,WV,141117,28553,37.785714285714285,592458,0.04819413359259222,202.33565055946485,58685636.3,3593228.53,0.06122841561487849
Morristown,TN,122002,32881,41.18852459016394,532118,0.061792685081128625,269.5119752135211,28301568.05,3851378.73,0.13608358106504279
Moses Lake,WA,101308,5854,34.97808219178082,162736,0.03597237243142267,57.78418288782722,5037330.72,339723.95,0.06744126381283141
Mount Vernon,IL,36415,11519,45.797260273972604,199275,0.05780454146280266,316.32568996292736,14726169.24,1363278.81,0.09257525075136241
Mount Vernon,OH,63186,8284,39.906122448979595,192819,0.042962571115917,131.10499161206596,12139969.6,871628.47,0.0717982415705555
Muncie,IN,112183,29300,39.01671309192201,618983,0.04733571035068815,261.1803927511299,38070119.27,4385972.29,0.11520773704158663
Muscatine,IA,42501,4232,41.61917808219178,94944,0.044573643410852716,99.57412766758429,3152817.59,377956.86,0.11987907616310908
Muskegon,MI,175526,22739,41.1275720164609,464362,0.04896826183021005,129.5477593063136,22171829.19,2429368.36,0.1095700467102507
New Braunfels,TX,2660228,17850,59.0027397260274,477416,0.0373887762454547,6.70995117711715,31290359.02,1280430.07,0.04092091334527615
New Castle,IN,48829,9084,36.270270270270274,181536,0.050039661554732946,186.036986217207,8019032.51,659526.69,0.08224516974803983
New London,CT,279398,9775,40.36164383561644,242281,0.040345714273921605,34.98593404390869,17670453.52,1251112,0.07080248385158594
Newport News,VA,184004,32269,42.608219178082194,668640,0.04826064848049773,175.37118758287863,48377246.83,4147767.68,0.08573798535033335
Niles,MI,153064,4039,42.685344827586206,88392,0.045694180468820705,26.387654837192283,4001491.08,232698.32,0.05815290234259375
Nogales,AZ,48801,2611,44.32212885154062,94599,0.027600714595291707,53.503001987664184,5121516.34,123414.53,0.0240972637412302
Ocala,FL,396661,74736,44.256198347107436,1812710,0.04122887830927175,188.41277564469408,119358930.22,9567499.74,0.08015738514382942
Odessa,TX,161480,16730,38.43888888888889,507028,0.032996205337772276,103.60416150606886,33430006.16,1559164.18,0.04663966176188105
Ogden,UT,653107,12209,56.68493150684932,388022,0.03146471076382267,18.693720936998073,23426505.86,1149119.96,0.049052127827653766
Oklahoma City,OK,1462926,139578,56.706849315068496,3340758,0.04178033847408283,95.41015745157308,314831819.62,18704473.58,0.05941100109441345
Olympia,WA,298645,31603,29.899425287356323,622830,0.05074097265706533,105.82129283932429,41933282.91,4475324.19,0.1067248705426961
Ontario,CA,4675657,4697,115.40547945205479,113790,0.041277792424641885,1.0045647060937106,2727717.1,238681.65,0.08750234765914691
Orem,UT,717339,3080,52.25205479452055,123318,0.024976078107007898,4.293646379187525,4032846.87,260175.85,0.06451419019537431
Owensboro,KY,112485,41738,47.38356164383562,815024,0.05121076189167435,371.05391830021784,52359774.08,5644086.29,0.1077943209108667
Oxnard,CA,835032,14638,55.47123287671233,412074,0.03552274591456874,17.529867118864907,43915304.68,1703733.82,0.038795901165087854
Paducah,KY,102507,33064,47.34202898550725,849522,0.038920710705549706,322.55358170661515,57251793.12,4134217.84,0.07221115033610671
Pahrump,NV,54710,9905,31.310055865921786,196023,0.050529784770154525,181.0455127033449,5270419.42,1003617.89,0.19042467212220465
Palatka,FL,74805,7749,17.068111455108358,145077,0.0534130151574681,103.5893322638861,7424469.97,842034.01,0.11341334982866125
Panama City,FL,211158,23997,45.912328767123284,596439,0.04023378752898452,113.6447589009178,38080414,2089408.68,0.054868328899995676
Parkersburg,WV,88459,14045,39.644128113879006,375206,0.03743277026486783,158.7741213443516,26915615.07,1507128.31,0.05599457066392056
Payson,AZ,53927,4415,52.49041095890411,102164,0.04321483105594926,81.86993528288242,3897806.19,439444.05,0.1127413802993627
Pensacola,FL,522590,58639,50.202739726027396,1458079,0.04021661377744279,112.20842342945713,103170882.25,7147616.63,0.06927939816081198
Peoria,IL,178503,52115,48.824451410658305,1127661,0.04621513025634477,291.95587749225507,116920645.39,7900247.89,0.06756931475744055
Pierre,SD,20688,2997,11.143646408839778,89361,0.033538120656662306,144.86658932714616,4227433.8,293588.56,0.069448410995815
Pittsburgh,PA,2434027,214758,60.8,5129659,0.041865940796454504,88.23156029082668,464109010.02,30899761.49,0.06657867186993079
Pittsfield,MA,129551,15575,42.49041095890411,347138,0.04486688291111892,120.22292379063072,26109793.94,2305204.21,0.08828887027210296
Platteville,WI,51337,3226,40.966573816155986,84159,0.03833220451763923,62.839667296491804,2800232.35,185292.89,0.06617054116955688
Pocatello,ID,89871,13244,39.84109589041096,327937,0.04038580581026234,147.3667812753836,13632129.39,1253851.52,0.09197767158223841
Ponca City,OK,43726,6125,43.11080332409972,153714,0.039846728339643755,140.07684215340987,8226982.67,509198.86,0.061893756243928004
Port Angeles,WA,77675,7779,40.45753424657534,151171,0.05145828234251278,100.14805278403604,6713242.93,1143307.03,0.1703062203947385
Portland,ME,563795,20887,39.17403314917127,645532,0.03235625809409913,37.04715366400908,46996794.71,2985367.83,0.06352279657414109
Portsmouth,OH,72312,23499,21.838356164383562,403728,0.05820502912852217,324.9668104878858,26720605.34,2960365.83,0.11078962442398022
Prescott,AZ,246266,28138,40.676712328767124,477289,0.058953799479979634,114.25856594089318,32909345.65,5532528.49,0.1681142052728721
Price,UT,20530,2973,42.30769230769231,87531,0.03396510950406142,144.81246955674624,2538434.12,175985.5,0.06932837004255206
Providence,RI,1680699,43141,46.84931506849315,1129661,0.03818933290606651,25.668486742718358,107463843.93,3656524.8,0.034025628213911585
Pueblo,CO,169485,35302,25.492836676217767,727613,0.04851754985136329,208.2898191580376,55273590.99,4589698.05,0.08303600268761911
Pullman,WA,47653,2044,29.863013698630137,60854,0.03358858908206527,42.8934169936835,3275552.85,205477.74,0.0627307051388287
Quincy,IL,74414,21886,38.51476793248945,539337,0.04057945217924971,294.1113231381192,36411920.53,2691803.72,0.07392644169324183
Racine,WI,196710,17676,44.084158415841586,289593,0.06103738695341393,89.85816684459357,19718978.15,2715266.08,0.1376981129217388
Raleigh,NC,1483195,81909,47.57808219178082,2156179,0.03798803346104382,55.22470073051756,191982082.12,12745324.72,0.06638809507250489
Rapid City,SD,153972,13617,51.56438356164384,433872,0.03138483239296382,88.43815758709376,27518611.2,2117005.82,0.07692996585525362
Reading,PA,432281,22348,46.23013698630137,468840,0.04766658134971419,51.6978539422274,24670604.95,1667619.7,0.06759541176147771
Red Bluff,CA,65269,9063,48.47945205479452,136977,0.06616439256225498,138.85611852487398,6128173.34,1058858,0.1727852561037381
Red Wing,MN,48055,3965,38.22727272727273,95153,0.04166973190545752,82.50962438872125,2963782.04,439241.05,0.14820288539166665
Redding,CA,180972,26930,49.556164383561644,731787,0.03680032577785612,148.807550339279,56055484.83,3907793.52,0.06971295550919242
Reno,NV,562212,55924,56.42465753424658,1253447,0.04461616645937164,99.47137378782381,121402286.38,8731801.14,0.07192451971348121
Richmond,VA,228670,101287,46.94794520547945,2358127,0.042952309184365385,442.93960729435435,193812988.35999998,11916886.93,0.06148652384361802
Riverton,WY,39545,2161,48.487671232876714,33526,0.06445743601980553,54.64660513339234,2129000.86,422586.56,0.19849055392114778
Roanoke,VA,97743,45666,42.74520547945205,1314479,0.03474076040773569,467.2048126208527,84610115.6,3891197.25,0.045989740380404355
Roanoke Rapids,NC,64429,8509,34.06353591160221,221025,0.03849790747652981,132.06785764174518,10748560.68,690321.68,0.06422456927507433
Rochester,MN,228307,38163,40.82172701949861,1109611,0.03439313417044352,167.15650418077414,169123353.34,5929843.05,0.03506223672184905
Rochester,NY,1055881,156294,43.64657534246575,3661446,0.04268641405608604,148.0223623684866,367241442.36,21341542.54,0.05811311055433466
Rock Springs,WY,41322,2831,46.8054794520548,81811,0.034604148586375914,68.51072068147718,2825417.09,322764.66,0.11423611088867591
Rockford,IL,335165,49652,45.06611570247934,1093640,0.04540068029698987,148.14195993018365,77564763.67,7615555.36,0.09818318266784709
Rocky Mount,NC,144403,26364,36.13483146067416,479582,0.05497287220954915,182.57238423024452,32933586.919999998,3994363.26,0.12128539990808872
Rome,GA,99586,35411,36.05898876404494,846796,0.04181762785842163,355.5821099351314,62894772.24,6134838.96,0.09754131768837772
Rome,NY,288078,6886,28.129518072289155,106350,0.06474847202632816,23.903248425773576,4687225.72,846880.04,0.18067831390889366
Roseburg,OR,112226,20797,45.82608695652174,398658,0.05216752203643223,185.31356370181598,22156330.97,2494747.86,0.11259751731358074
Roseville,CA,2423591,43565,70.96986301369863,896182,0.04861177751840586,17.975392712714314,78964182.3,5104369.42,0.06464157889468831
Roswell,NM,63907,12466,28.446280991735538,266084,0.04684986695930608,195.06470339712396,13142553.77,1193195.77,0.09078873032451744
Ruidoso,NM,20339,3174,19.44954128440367,55708,0.056975658792274,156.05486995427503,1729306.8699999999,188873.25,0.10921904797614088
Rutland,VT,60381,14117,40.72054794520548,235190,0.06002381053616225,233.79871151521172,19772802.02,2501360.62,0.12650511634465858
Salem,OH,100537,5459,13.901639344262295,98211,0.05558440500554928,54.298417498035555,8146380.02,894261.4,0.10977408343393243
Salem,OR,439374,39434,41.83835616438356,1016181,0.03880607883831719,89.75041763964185,73797819.6,5251949.59,0.07116673119160827
Salinas,CA,436427,16739,40.4027397260274,472087,0.035457447462014416,38.35463892014014,36711008.71,1603492.7,0.04367879707874145
Salisbury,MD,129681,28429,43.983561643835614,653357,0.04351219930298443,219.22255380510637,52013766.06,3221272.23,0.06193114773277772
Salt Lake City,UT,1272236,47449,65.23013698630137,1532788,0.030956009572099992,37.295753303632345,154041226.98,4968834.14,0.03225652143529816
San Jose,CA,1951368,105663,53.12328767123287,2139176,0.04939425274030748,54.148166824504656,185802188.03,11489013.85,0.061834653142755026
Sandpoint,ID,51521,3253,38.84615384615385,91556,0.03553016732928481,63.139302420372275,3617935.2600000002,253292.86,0.07001033512136422
Santa Barbara,CA,445286,24576,48.583561643835615,671350,0.03660683697028376,55.191494904398525,77519822.08,3713801.86,0.04790777068821673
Santa Cruz,CA,265851,19028,37.673972602739724,412958,0.04607732505484819,71.57392674844179,52677922.48,3539617.77,0.06719357186768084
Santa Fe,NM,155768,17253,46.32876712328767,431949,0.03994221540042922,110.7608751476555,37753509.37,2087391.17,0.05528999038321719
Santa Rosa,CA,483398,40101,37.4986301369863,848643,0.047253085219579966,82.95648720102277,83596029.6,5064753.15,0.06058604905321964
Savannah,GA,418858,60595,46.33731343283582,1410810,0.04295050361140054,144.66716643826786,130626866.1,10038088.71,0.07684551432410121
Sayre,PA,59800,10893,40.29042904290429,290280,0.03752583712277801,182.15719063545149,24649875.55,1316864.55,0.053422766671939646
Scottsbluff,NE,36454,6124,18.05604719764012,186751,0.032792327751926365,167.99253854172383,8471113.73,404150.48,0.04770924967855436
Sebastian,FL,167698,11225,33.582633053221286,269949,0.04158192843833465,66.93580126179204,14910906.65,958998.98,0.06431526952118635
Sebring,FL,105954,20746,33.710601719197705,514059,0.04035723525898778,195.8019517903996,40526937.41,2137940.18,0.05275355890752467
Sevierville,TN,99318,16885,44.938709677419354,244000,0.06920081967213115,170.00946454821886,11298818.89,2793925.78,0.24727591504920562
Sheboygan,WI,117860,14149,44.8423645320197,325232,0.04350432921729719,120.04921092821992,21074476.39,1887547.61,0.08956557567881762
Sheridan,WY,32049,5974,45.87671232876713,130551,0.045759894600577555,186.4020718275141,6760141.22,599413.29,0.08866875269212203
Show Low,AZ,108771,7844,44.69505494505494,122527,0.0640185428517796,72.1148100136985,6239736.76,1777810.03,0.28491747302493575
Sioux City,IA,144010,21222,36.64601769911504,571190,0.037154011799926466,147.36476633567113,29019718.59,3370950.57,0.11616069120537946
Sioux Falls,SD,299092,41943,41.45205479452055,1326707,0.03161436549290838,140.23444291388603,106765959.56,6634119.5200000005,0.06213702894949189
Somerset,KY,65776,26417,42.87743732590529,481343,0.05488186179086431,401.6206519095111,28082467.37,3728441.25,0.13276758060023697
Somerset,PA,72613,8363,35.02777777777778,153574,0.05445583236745803,115.17221434178452,7847007.03,1223397.1400000001,0.15590621179805417
Sonora,CA,53951,10223,39.276,194555,0.052545552671481074,189.48675650126967,13678552.21,1683414.07,0.12306960884130003
Spartanburg,SC,346455,68104,47.14876033057851,1312726,0.05187982869235469,196.57386962231746,96787308.79,9991271.98,0.10322915374863993
Spokane,WA,598108,63939,51.772602739726025,1628510,0.03926227041897194,106.90209794886542,117099247.55,7547686.5,0.06445546541003372
Springfield,IL,206559,67722,46.48066298342541,1365478,0.0495958191929859,327.8579001641178,132849869.56,12566502.27,0.09459175467480978
Springfield,MA,461440,81476,46.605479452054794,1359957,0.05991071776534111,176.56900138696255,143729515.3,12515192.73,0.08707461862567069
Springfield,MO,487114,104343,48.224657534246575,2162823,0.04824389235734963,214.2065307094438,153042773.06,14044739.73,0.09177002905255643
Springfield,OH,134686,31576,47.5887573964497,615131,0.05133215526448838,234.4415900687525,37068958.3,3354280.83,0.09048759349679379
State College,PA,157992,20155,45.00547945205479,450120,0.044776948369323735,127.56975036710719,37907746.28,3017113.18,0.07959094053533378
Steubenville,OH,114290,5599,52.09041095890411,281817,0.01986750267017249,48.98941289701636,19612762.21,546001.12,0.027839073056298475
Syracuse,NY,655604,59911,38.83835616438356,1176042,0.05094290850156712,91.38290797493609,113805852.66,10389950.73,0.09129539902521917
Tallahassee,FL,391819,47979,47.31780821917808,1316198,0.03645272215882413,122.45194847620968,105067221.44,5967660.04,0.05679849488936861
Taos,NM,34594,2936,23.977715877437326,83003,0.03537221546209173,84.87020870671215,2967987.43,149787.75,0.050467784494626376
Terre Haute,IN,168543,37864,48.46849315068493,831915,0.045514265279505715,224.65483585791162,63280139.57,6145818.71,0.09712081470998564
Texarkana,AR,145984,4389,48.69627507163324,119567,0.03670745272525028,30.064938623410786,2744075.03,195228.82,0.07114558379987154
The Dalles,OR,26535,2657,17.732919254658384,72825,0.03648472365259183,100.13190126248351,2135260.87,262195.25,0.12279307586430879
Toledo,OH,601058,78572,45.81491712707182,1918480,0.040955339643884744,130.72282541784654,147377697.97,11541252.08,0.07831070941513363
Topeka,KS,231775,36177,45.56285714285714,946976,0.0382026577231102,156.08672203645776,54242088.89,3362353.94,0.061987913976149965
Torrington,CT,113289,12281,42.09315068493151,209876,0.05851550439307019,108.40416986644776,23189363.73,2568963.55,0.11078197659543977
Traverse City,MI,155794,27075,39.098765432098766,751918,0.03600791575677135,173.78718050759338,68012388.26,4775596.9,0.07021657410034905
Trenton,NJ,382165,20934,47.13972602739726,278497,0.07516777559542832,54.777386730862325,21161803.21,4476190.07,0.21152214797483698
Tucson,AZ,1059412,166284,57.36164383561644,3643089,0.04564368314910781,156.95876580593762,302253058.28,21623990,0.0715426673366132
Tulsa,OK,679212,121230,56.37534246575343,2875681,0.042156970818390496,178.48624582604546,229718165.05,16767307.8,0.07299077892403703
Tupelo,MS,132074,35149,40.192622950819676,778454,0.04515231471609112,266.13110831806415,66816782.79,4399644.75,0.06584640215060555
Tuscaloosa,AL,237995,41042,37.767857142857146,791072,0.05188149751223656,172.4490010294334,63612867.7,5318464.39,0.08360673842094371
Twin Falls,ID,93973,17186,34.271954674220964,408902,0.04202963057162841,182.88231726134103,21034785.07,1716392.9,0.08159783398252711
Tyler,TX,242249,64005,41.65289256198347,1612466,0.039693860211626165,264.2116169726191,141715436.35,8465617.2,0.05973673311841727
Ukiah,CA,90027,9408,53.54794520547945,123169,0.0763828560757983,104.50198273851178,10136722.9,1855390.28,0.18303649989287957
Valdosta,GA,149748,24220,47.398305084745765,706343,0.034289290047469854,161.73838715709059,38850710.97,2089650.91,0.053786683893985894
Vernal,UT,37162,2358,50.054794520547944,71078,0.03317482202650609,63.451913244712344,2410966.34,168025.05,0.06969199329427386
Victoria,TX,91128,20510,31.336158192090394,508614,0.04032527614261503,225.06803616890528,38838934.01,2401389.76,0.0618294456635114
Vincennes,IN,35895,12775,36.77325581395349,291348,0.04384790697035847,355.8991502994846,21799142.95,1475425.84,0.067682745298021
Wabash,IN,30869,2908,37.55524861878453,59930,0.048523277156682795,94.20454177330008,1827080.74,226911.36,0.1241933949782646
Waco,TX,301913,44654,47.760989010989015,1030216,0.043344308378048875,147.90353512435703,65247229.95,4122439.1,0.06318182554507051
Wailuku,HI,164560,9541,22.36842105263158,230987,0.04130535484680956,57.978852698104035,22111868.07,1091277.68,0.04935257738266706
Walla Walla,WA,62085,11070,42.49315068493151,244487,0.04527848106443287,178.30393814931142,14266471.959999999,1184765.51,0.08304544482488858
Warner Robins,GA,198275,16824,45.49171270718232,408916,0.04114292421915503,84.85184718194428,24776606.22,2219588.03,0.08958402172967174
Washington Court House,OH,28856,6032,35.7578125,143194,0.0421246700280738,209.03798170224565,5266995.49,416230.39999999997,0.0790261546246359
Watertown,NY,115487,19314,33.169444444444444,321987,0.059983788165360714,167.23960272584793,20985867.26,3259492.39,0.15531845072768272
Watertown,SD,28756,6308,43.00821917808219,174136,0.036224560113933935,219.3629155654472,9777363.71,1065428.16,0.10896885823223608
Wausau,WI,138175,15889,35.13170731707317,425603,0.03733291353679368,114.99185815089561,34859579.14,1962988.3,0.05631130232859145
Wenatchee,WA,124179,15818,44.69315068493151,441911,0.03579453781417525,127.38063601736202,32432909.5,1615169.74,0.04980033444116384
Wheeling,WV,136690,17894,50.797260273972604,402285,0.044480902842512146,130.9093569390592,28352522.99,2168942.83,0.07649911194023161
Wichita,KS,649846,74971,52.76712328767123,2398371,0.031259133803735954,115.36733318355425,163596570.84,9814964.35,0.0599949271528386
Williamsport,PA,113223,20423,41.7171052631579,444589,0.045936809052855555,180.3785449952748,36177243.98,2647593.82,0.07318395567842811
Wilmington,NC,454680,60771,42.066481994459835,1506882,0.04032897068250865,133.65663763525995,152264711.42,10332870.32,0.06786122814430906
Wilmington,OH,41902,6523,41.84897959183674,155840,0.04185703285420945,155.6727602501074,8215113.24,468797.61,0.057065264507540736
Winona,MN,49585,5149,25.446280991735538,134184,0.03837268228700888,103.84188766764142,5863304.66,514639.96,0.08777302047954642
Winston-Salem,NC,688725,12170,49.14794520547945,296545,0.04103930263535045,17.670332861446877,22119059.18,1554633.73,0.07028480358720213
Worcester,MA,865735,83086,45.75342465753425,1754743,0.04734938392687704,95.97163104183151,164121912.95,11701881.28,0.0712999322860988
Yakima,WA,256566,24062,50.64383561643836,586072,0.0410563889760985,93.78483509116563,35361565.339999996,2197053.32,0.06213111039840637
Yuba City,CA,183017,18504,56.30494505494506,414161,0.04467827728830093,101.10536179699153,24469089.51,1812581.88,0.0740763925547469
Yuma,AZ,209538,15217,50.679452054794524,538238,0.028271879726069135,72.62167244127556,35736196.86,1362023.56,0.03811327672432125
