city_id,avg_aqi_2022,asthma_cost_fraction_2022,avg_aqi_2019,asthma_cost_fraction_2019,change_in_aqi,change_in_cost_fraction
"Aberdeen, SD",25.834285714285713,0.03916401266493064,29.508196721311474,0.07188771728773118,-3.6739110070257617,-0.03272370462280053
"Aberdeen, WA",25.136986301369863,0.097894067838008,28.985795454545453,0.10687778795587734,-3.8488091531755906,-0.00898372011786934
"Adrian, MI",44.97260273972603,0.14757305626277678,45.237430167597765,0.12265164626949594,-0.26482742787173663,0.024921409993280838
"Akron, OH",46.45303867403315,0.08485391275770772,48.48626373626374,0.0824158772056736,-2.033225062230585,0.002438035552034118
"Albany, GA",49.57541899441341,0.07495068271592382,49.67134831460674,0.05472720170839852,-0.09592932019332778,0.020223481007525308
"Albany, NY",41.772602739726025,0.0394952880925337,42.342465753424655,0.04312025881606273,-0.5698630136986296,-0.0036249707235290335
"Albany, OR",38.46027397260274,0.1265725194283233,41.087671232876716,0.10144516058448486,-2.6273972602739732,0.025127358843838432
"Albuquerque, NM",70.73424657534247,0.07229555384395604,57.66301369863014,0.06990699337584837,13.07123287671233,0.0023885604681076755
"Alexandria, LA",39.54621848739496,0.0640059232738591,38.865546218487395,0.05706098201935196,0.6806722689075642,0.006944941254507134
"Alexandria, VA",52.30958904109589,0.05024794879020644,55.202739726027396,0.053869795888021786,-2.8931506849315056,-0.0036218470978153436
"Allen, TX",48.8027397260274,0.1484656877162986,49.87671232876713,0.05010724986795252,-1.0739726027397296,0.09835843784834607
"Allentown, PA",48.73424657534247,0.05713697005586506,48.23561643835617,0.05201859675829621,0.4986301369863,0.005118373297568847
"Altoona, PA",44.192837465564736,0.08226833770345494,47.14772727272727,0.07687372287424446,-2.9548898071625374,0.005394614829210484
"Amarillo, TX",49.36164383561644,0.06888226358103436,44.69315068493151,0.06595747842680967,4.668493150684931,0.0029247851542246878
"Americus, GA",36.10504201680672,0.05298524978704474,39.45378151260504,0.041354427098319664,-3.34873949579832,0.011630822688725076
"Anacortes, WA",36.082191780821915,0.07063016014202701,30.684931506849313,0.0955503194635328,5.397260273972602,-0.02492015932150579
"Anaheim, CA",85.84931506849315,0.03943436128103784,84.7095890410959,0.051552630579193764,1.1397260273972591,-0.012118269298155925
"Anchorage, AK",32.16712328767123,0.05390136023993659,43.26301369863014,0.05505188850976747,-11.095890410958908,-0.0011505282698308847
"Anderson, SC",50.1972602739726,0.08761554623905954,45.153424657534245,0.08832682287243718,5.043835616438358,-7.112766333776388e-4
"Ann Arbor, MI",48.00547945205479,0.02349547532196281,45.202739726027396,0.0230340618366168,2.802739726027397,4.6141348534600723e-4
"Appleton, WI",43.52054794520548,0.09980589617271585,42.26301369863014,0.10243271793129591,1.2575342465753394,-0.0026268217585800613
"Arcata, CA",26.92054794520548,0.06961850368827684,30.07162534435262,0.11232948271773674,-3.1510773991471375,-0.0427109790294599
"Ardmore, OK",47.85205479452055,0.11686263166915156,45.83835616438356,0.10641483650337774,2.013698630136986,0.010447795165773821
"Arkadelphia, AR",34.61432506887052,0.08932824762267093,33.03661971830986,0.0676491822594919,1.577705350560663,0.021679065363179026
"Arlington, TX",66.52602739726028,0.0593559195354801,61.52328767123288,0.06370729162505379,5.0027397260274,-0.004351372089573688
"Artesia, NM",57.37534246575343,0.1296835163112659,55.13972602739726,0.12858611645573695,2.2356164383561676,0.0010973998555289521
"Asheville, NC",41.54794520547945,0.05583306579314977,42.43835616438356,0.0525248324698174,-0.8904109589041127,0.0033082333233323685
"Ashland, KY",46.32602739726027,0.11645999743150684,45.24109589041096,0.09134452329485132,1.0849315068493084,0.02511547413665552
"Ashtabula, OH",41.16317991631799,0.217631941847598,40.885714285714286,0.21210705272027286,0.2774656306037073,0.005524889127325128
"Athens, GA",47.889502762430936,0.05870422341039221,48.78082191780822,0.06015926234240993,-0.8913191553772819,-0.0014550389320177187
"Athens, OH",29.563025210084035,0.15067829919331474,34.43333333333333,0.09083387734865978,-4.870308123249295,0.059844421844654966
"Athens, TN",39.91316526610644,0.06381436024891943,38.1624649859944,0.07182000907914012,1.7507002801120422,-0.008005648830220688
"Atlanta, GA",55.50958904109589,0.02842964414891621,61.342465753424655,0.034225567882555256,-5.832876712328762,-0.005795923733639047
"Atlantic City, NJ",37.12328767123287,0.028867664578022,42.26575342465753,0.04225338047823194,-5.142465753424659,-0.01338571590020994
"Auburn, ME",33.24022346368715,0.10295580088570121,34.0775623268698,0.1231975341378455,-0.8373388631826515,-0.02024173325214429
"Augusta, GA",49.23561643835617,0.07580282346526965,51.6958904109589,0.06097393647964255,-2.460273972602735,0.0148288869856271
"Augusta, ME",30.980295566502463,0.10778413717318104,26.030470914127424,0.09585179484989903,4.949824652375039,0.01193234232328201
"Aurora, CO",67.01643835616439,0.03259862974592459,69.08219178082192,0.03575356051399548,-2.0657534246575295,-0.003154930768070892
"Austin, TX",53.15890410958904,0.05368804525749755,50.895890410958906,0.04502542107200823,2.2630136986301324,0.008662624185489319
"Bakersfield, CA",87.63287671232877,0.08327979945324394,79.07123287671233,0.08440648513504685,8.561643835616437,-0.001126685681802908
"Baltimore, MD",50.83561643835616,0.03513283123460421,54.62191780821918,0.046003168670513156,-3.7863013698630184,-0.010870337435908949
"Bangor, ME",33.41274238227147,0.12441577982459057,32.69613259668508,0.13274732648401863,0.7166097855863853,-0.008331546659428063
"Baraboo, WI",41.37222222222222,0.1523941076621391,40.95616438356164,0.07883043386489927,0.4160578386605778,0.07356367379723983
"Baton Rouge, LA",56.45479452054794,0.060005991632042,54.74246575342466,0.047745154014392804,1.7123287671232816,0.012260837617649192
"Bay City, MI",33.240112994350284,0.1112050528968788,36.79430379746835,0.09675122646664405,-3.5541908031180682,0.014453826430234754
"Beaumont, TX",50.23561643835617,0.10055555208043822,51.36164383561644,0.06199595724463868,-1.1260273972602732,0.038559594835799536
"Beaver Dam, WI",43.63013698630137,0.05408683552180496,44.07945205479452,0.10941860371965506,-0.4493150684931493,-0.0553317681978501
"Bellevue, WA",60.43013698630137,0.07803867562363588,53.487671232876714,0.06542578054300759,6.942465753424656,0.012612895080628295
"Bellingham, WA",36.56851311953353,0.04454569143196578,29.168044077134986,0.08465960646961597,7.400469042398541,-0.04011391503765019
"Beloit, WI",39.693069306930695,0.05082471962454687,38.67487684729064,0.06231999356072313,1.018192459640055,-0.011495273936176262
"Bemidji, MN",25.30057803468208,0.07213485838351266,30.207386363636363,0.04624622067078138,-4.906808328954284,0.025888637712731283
"Bend, OR",33.06575342465754,0.05539150401452946,31.112328767123287,0.0692505899183856,1.9534246575342493,-0.013859085903856143
"Bennington, VT",37.55616438356165,0.07633642598261346,38.035616438356165,0.08737059939187143,-0.479452054794514,-0.011034173409257969
"Billings, MT",33.93972602739726,0.05603236569702524,32.0958904109589,0.07427871688694446,1.843835616438362,-0.01824635118991922
"Biloxi, MS",48.64931506849315,0.0755048022640962,49.221917808219175,0.0746470302161839,-0.5726027397260225,8.577720479123058e-4
"Birmingham, AL",54.3013698630137,0.05600096383863327,59.78904109589041,0.04156246191406271,-5.487671232876714,0.014438501924570558
"Bishop, CA",75.7041095890411,0.07312004315502811,56.868493150684934,0.11561180676991636,18.835616438356162,-0.04249176361488825
"Bismarck, ND",45.69315068493151,0.08216404669297657,41.16438356164384,0.079315825105069293,4.528767123287672,0.0028482215879072764
"Blacksburg, VA",38.684357541899445,0.08137003794812478,40.61046511627907,0.07270620869130179,-1.9261075743796283,0.008663829256822991
"Bloomington, IL",48.14246575342466,0.09160118767702148,49.239010989010985,0.09138390226737811,-1.0965452355863263,2.172854096433724e-4
"Bloomington, MN",49.35342465753425,0.04377526798359956,52.07945205479452,0.056899997022814716,-2.7260273972602747,-0.013124729039215154
"Boise, ID",59.61643835616438,0.07712369450115746,51.868493150684934,0.0550582384356069,7.747945205479446,0.022065456065550555
"Bossier City, LA",50.9013698630137,0.13796239958232043,43.98082191780822,0.07175647743076179,6.9205479452054774,0.06620592215155864
"Boston, MA",50.0027397260274,0.03213894993639014,49.25479452054795,0.03065503237807288,0.7479452054794535,0.0014839175583172583
"Boulder, CO",52.084931506849315,0.06549915798458265,53.50684931506849,0.05265305684292345,-1.4219178082191775,0.012846101141659204
"Bowling Green, KY",45.249315068493154,0.07220391125281543,48.33424657534247,0.06334492828896628,-3.0849315068493155,0.008858982963849155
"Bozeman, MT",36.43561643835616,0.09008175191896628,33.893150684931506,0.05759736765525435,2.5424657534246577,0.03248438426371193
"Bradenton, FL",46.074380165289256,0.0786533455451623,45.42191780821918,0.07098306884296449,0.6524623570700783,0.007670276702197817
"Brainerd, MN",38.83287671232877,0.12306962899858656,33.09470752089136,0.12275686722709597,5.738169191437407,3.1276177149058837e-4
"Branson, MO",28.1864406779661,0.15788664525550966,26.95,0.11541448842438568,1.236440677966101,0.042472156831123986
"Bremerton, WA",31.832869080779943,0.10048599033091464,26.876470588235293,0.058432585742354964,4.9563984925446505,0.042053404588559676
"Bridgeport, CT",51.31780821917808,0.06570295787175673,50.33972602739726,0.047896574110435707,0.9780821917808211,0.017806383761321022
"Bristol, TN",39.12912087912088,0.06853586862555001,43.2534435261708,0.07396153868172028,-4.124322647049915,-0.00542567005617027
"Brookings, SD",38.15659340659341,0.07705186535082836,44.49315068493151,0.14088617864340405,-6.336557278338098,-0.06383431329257569
"Brownsville, TX",48.88767123287671,0.02094707405524952,50.416438356164385,0.02011308425339885,-1.5287671232876718,8.339898018506695e-4
"Brunswick, GA",45.825842696629216,0.09429645243024348,38.37275985663082,0.06993985687330663,7.453082839998395,0.024356595556936853
"Buffalo, NY",46.91232876712328,0.05971083106405584,44.37808219178082,0.06573730369283699,2.5342465753424577,-0.00602647262878115
"Burlington, VT",41.29041095890411,0.04257064114878853,40.38356164383562,0.03903413239446199,0.9068493150684915,0.0035365087543265394
"Butte, MT",35.175342465753424,0.1522511005602031,29.644628099173552,0.16405223208813705,5.530714366579872,-0.011801131527933939
"Cadillac, MI",47.868493150684934,0.08431608030817403,39.33424657534247,0.09116842965429875,8.534246575342465,-0.00685234934612472
"Cambridge, MD",43.99452054794521,0.06316289674014477,43.88219178082192,0.041337372307918056,0.11232876712328732,0.02182552443222672
"Camden, NJ",58.41095890410959,0.05056907219855187,59.53150684931507,0.03854171805443837,-1.1205479452054803,0.012027354144113496
"Canton, OH",48.85753424657534,0.07179847878626669,51.66575342465753,0.060926200384828814,-2.80821917808219,0.010872278401437875
"Cape Coral, FL",41.74834437086093,0.09075742157853732,41.64383561643836,0.1084055456918423,0.10450875442256802,-0.017648124113304978
"Carlisle, PA",49.96986301369863,0.12365995123802632,52.534246575342465,0.09543315756329931,-2.5643835616438366,0.02822679367472701
"Carlsbad, CA",68.58356164383562,0.03534660262860134,69.35068493150685,0.04909381531200041,-0.7671232876712253,-0.013747212683399068
"Carson City, NV",46.612637362637365,0.09931235405878552,42.93424657534246,0.09733224076304428,3.6783907872949015,0.0019801132957412426
"Casper, WY",43.038356164383565,0.0620304378011431,42.07142857142857,0.08266821607413306,0.9669275929549954,-0.020637778272989966
"Cedar City, UT",42.63013698630137,0.02935161312427373,42.0027397260274,0.04740926828886009,0.6273972602739732,-0.018057655164586364
"Cedar Falls, IA",46.221917808219175,0.05051519851295431,45.36914600550964,0.09941751345686656,0.8527718027095332,-0.04890231494391225
"Cedar Rapids, IA",47.35068493150685,0.08969109559870864,45.96986301369863,0.07556138350760044,1.3808219178082197,0.014129712091108193
"Centralia, WA",34.21369863013699,0.06729210902096006,31.134246575342466,0.10046125320809983,3.0794520547945226,-0.033169144187139774
"Champaign, IL",46.23561643835617,0.09152234210697403,47.04109589041096,0.06272057419026121,-0.8054794520547901,0.028801767916712823
"Chapel Hill, NC",41.48219178082192,0.03259697908794396,46.92054794520548,0.038653357564805056,-5.438356164383556,-0.006056378476861093
"Charleston, SC",47.43013698630137,0.04883216498067805,42.593837535014,0.04097938228264231,4.836299451287367,0.007852782698035743
"Charleston, WV",41.89518413597734,0.0814352077874411,41.92602739726028,0.06547390434825062,-0.03084326128293924,0.015961303439190472
"Charlotte, NC",52.23835616438356,0.05718581860930214,57.07397260273972,0.04666537657616733,-4.835616438356162,0.010520442033134812
"Charlottesville, VA",43.46814404432133,0.04621906051987796,39.219858156028366,0.04554885151290014,4.248285888292962,6.702090069778191e-4
"Chattanooga, TN",53.72701949860724,0.09348133563150196,50.63835616438356,0.08396964817110097,3.088663334223682,0.009511687460400986
"Chester, VA",43.191616766467064,0.0554904067175478,41.706849315068496,0.06474845444861732,1.484767451398568,-0.009258047731069523
"Cheyenne, WY",44.03305785123967,0.0948996096166001,43.92602739726028,0.09212487924482166,0.10703045397939093,0.0027747303717784444
"Chicago, IL",61.04931506849315,0.05427257319231479,62.94794520547945,0.05371322629362345,-1.8986301369862986,5.593468986913389e-4
"Chico, CA",52.895890410958906,0.07350408658822499,52.95342465753425,0.07605712779646107,-0.05753424657534367,-0.002553041208236073
"Cincinnati, OH",57.42465753424658,0.05582624208016806,60.12054794520548,0.058766362419371394,-2.695890410958903,-0.0029401203392033365
"Claremont, NH",36.93424657534246,0.05752003107800405,35.843835616438355,0.08216059387841218,1.0904109589041084,-0.024640562800408133
"Clarksburg, WV",35.557522123893804,0.09704134166629616,38.306306306306304,0.09859688267059946,-2.7487841824125,-0.0015555410043033013
"Clarksville, TN",48.95068493150685,0.1269672462024828,44.52328767123288,0.08522385398373881,4.42739726027397,0.04174339221874397
"Clearlake, CA",33.03030303030303,0.2384266737278019,31.988888888888887,0.26745161269494117,1.041414141414144,-0.029024938967139258
"Clearwater, FL",51.46849315068493,0.08754106275442507,52.25753424657534,0.07641375219894045,-0.7890410958904113,0.011127310555484618
"Cleveland, MS",45.38904109589041,0.02944348896885233,47.61813186813187,0.042655076857502396,-2.229090772241456,-0.013211587888650067
"Cleveland, OH",56.08767123287672,0.04017919162858941,56.701369863013696,0.03912420533782608,-0.6136986301369731,0.0010549862907633309
"Clinton, IA",50.239010989010985,0.08109851963584458,47.76373626373626,0.09378265214231332,2.4752747252747227,-0.012684132506468743
"Colorado Springs, CO",50.47945205479452,0.07865947544451368,48.635616438356166,0.07470704935840042,1.843835616438355,0.003952426086113264
"Columbia, MO",38.563265306122446,0.06577095601699648,37.391836734693875,0.04910528075851915,1.1714285714285708,0.016665675258477328
"Columbia, SC",46.21917808219178,0.0742857333737841,44.24383561643835,0.049007660831951766,1.9753424657534282,0.025278072541832328
"Columbus, GA",48.81095890410959,0.0400511286226525,48.26849315068493,0.034681534570873356,0.5424657534246577,0.005369594051779142
"Columbus, IN",42.76712328767123,0.12957141177429668,43.73351648351648,0.07958748415981835,-0.9663931958452494,0.04998392761447833
"Columbus, OH",49.5013698630137,0.04930402313570495,52.654794520547945,0.05713106297514335,-3.153424657534245,-0.007827039839438402
"Conway, AR",51.153424657534245,0.15593780124763926,51.07671232876712,0.13711944685019864,0.07671232876712253,0.018818354397440618
"Conway, SC",37.80988593155894,0.10184750539953084,35.62376237623762,0.06405357265180639,2.1861235553213163,0.037793932747724454
"Cookeville, TN",34.07780979827089,0.10707278854463578,33.61388888888889,0.11914128063953572,0.46392090938200425,-0.012068492094899935
"Corning, NY",38.249315068493154,0.24104745634649263,38.40547945205479,0.1689067636909128,-0.15616438356163798,0.07214069265557985
"Corpus Christi, TX",47.64931506849315,0.05522210911901388,48.463013698630135,0.05528729275474544,-0.8136986301369831,-6.518363573156105e-5
"Corsicana, TX",46.17032967032967,0.05713169706919769,42.386740331491715,0.08469491354860444,3.783589338837956,-0.027563216479406745
"Corvallis, OR",25.37378640776699,0.07752003547514465,28.2986301369863,0.06392291996100348,-2.9248437292193117,0.013597115514141167
"Crescent City, CA",29.898255813953487,0.1636163554506719,28.782258064516128,0.12952071731963147,1.1159977494373585,0.03409563813104044
"Crestview, FL",38.83529411764706,0.1187973175848472,36.07162534435262,0.0876775334813335,2.763668773294441,0.031119784103513695
"Dalton, GA",38.02508960573477,0.04673415009450502,40.405204460966544,0.07489999833387972,-2.380114855231774,-0.028165848239374708
"Daphne, AL",39.00355871886121,0.03481097504329959,40.23616236162361,0.035837800040613,-1.232603642762406,-0.001026824997313415
"Davenport, IA",49.04931506849315,0.1139635708972357,52.6986301369863,0.10550366128592377,-3.649315068493152,0.008459909611311933
"Dayton, OH",49.99178082191781,0.10735267796447875,53.583561643835615,0.07526929606657154,-3.5917808219178085,0.032083381897907215
"Daytona Beach, FL",44.83835616438356,0.06466762639313249,42.40845070422535,0.06022470782980067,2.42990546015821,0.004442918563331823
"Dearborn, MI",61.64383561643836,0.07016228604941474,60.2,0.06591922581423126,1.4438356164383563,0.004243060235183477
"Decatur, AL",47.88493150684931,0.08391066539633506,43.57260273972603,0.04126397187833599,4.312328767123283,0.04264669351799907
"Decatur, IL",47.37260273972603,0.09804658465132632,49.120879120879124,0.07938568586480052,-1.7482763811530972,0.018660898786525798
"Deming, NM",24.90782122905028,0.03231127352238303,16.975069252077564,0.029872171012354176,7.9327519769727175,0.002439102510028851
"Des Moines, IA",41.967123287671235,0.04972582232493233,43.6958904109589,0.054180405659176735,-1.7287671232876676,-0.004454583334244408
"Dickinson, ND",39.89531680440771,0.07186235562868244,34.824657534246576,0.08510193029356011,5.070659270161137,-0.01323957466487767
"Dodge City, KS",23.36187845303867,0.10329144082463884,16.81578947368421,0.07171526804663762,6.546088979354462,0.03157617277800122
"Douglas, GA",37.0672268907563,0.04939811575947901,36.97520661157025,0.06604899763103883,0.09202027918605182,-0.016650881871559824
"Dover, DE",42.39835164835165,0.08858598895157449,45.945205479452056,0.10159855334704196,-3.5468538311004068,-0.013012564395467469
"Duluth, MN",37.586301369863016,0.06987771900306647,40.81095890410959,0.06519490218299727,-3.2246575342465746,0.004682816820069199
"Dunkirk, NY",38.46760563380282,0.03159344139265829,39.37900874635569,0.04393136909617542,-0.9114031125528683,-0.012337927703517132
"Durango, CO",48.98082191780822,0.0933045719927089,44.85479452054795,0.08577531890309617,4.126027397260273,0.0075292530896127335
"Dyersburg, TN",38.57022471910113,0.08139124474189798,35.51111111111111,0.06274356842108743,3.059113607990014,0.018647676320810547
"Eagle Pass, TX",37.49856733524355,0.01629452617420723,36.91150442477876,0.01470865193158778,0.5870629104647875,0.001585874242619448
"East Hartford, CT",46.59452054794521,0.05483170244838745,46.912328767123284,0.039540274612663,-0.317808219178076,0.015291427835724451
"East Lansing, MI",45.32054794520547,0.01448588685462581,41.33424657534247,0.019707967686522335,3.986301369863,-0.005222080831896526
"East Stroudsburg, PA",39.09405940594059,0.10340439148641052,35.3810888252149,0.09243283413660623,3.7129705807256883,0.01097155734980429
"Eau Claire, WI",41.345205479452055,0.07858727995656063,41.035812672176306,0.07680469804240193,0.30939280727574925,0.0017825819141586985
"Effingham, IL",39.2510460251046,0.03305096832965682,40.43265306122449,0.038391375083484516,-1.1816070361198925,-0.005340406753827694
"El Centro, CA",76.95342465753424,0.02504996051895856,64.78630136986301,0.023864216071070775,12.167123287671231,0.0011857444478877849
"El Dorado, AR",44.59130434782609,0.07770221723756629,44.95850622406639,0.08302337258243077,-0.3672018762403013,-0.005321155344864478
"El Paso, TX",62.986301369863014,0.0331622069391445,60.75068493150685,0.030444906806344325,2.2356164383561676,0.0027173001328001725
"Elizabethtown, KY",45.18508287292818,0.13052277502623907,43.84573002754821,0.11448063954715598,1.3393528453799703,0.01604213547908309
"Elkhart, IN",44.146408839779006,0.0873329191575333,43.37534246575343,0.06877163133435464,0.7710663740255796,0.01856128782317866
"Emporia, KS",27.14876033057851,0.08036319752331335,29.88135593220339,0.10719194606890974,-2.7325956016248796,-0.026828748545596387
"Erie, PA",40.04657534246575,0.07973784516808095,41.51373626373626,0.0627149192702419,-1.4671609212705121,0.017022925897839047
"Eugene, OR",68.5013698630137,0.07865461472005257,48.775342465753425,0.09662913442424359,19.726027397260268,-0.01797451970419102
"Evansville, IN",50.97808219178082,0.09129114384480116,47.893150684931506,0.07383067086833867,3.0849315068493155,0.0174604729764625
"Fairbanks, AK",57.84109589041096,0.07326710511987757,59.25479452054795,0.057102369136086614,-1.4136986301369845,0.01616473598379095
"Fairmont, WV",37.05982905982906,0.15059980818577168,39.494949494949495,0.06256242597015473,-2.4351204351204316,0.08803738221561695
"Fallon, NV",38.12034383954155,0.1964925873277708,40.685552407932015,0.14404663531432066,-2.5652085683904673,0.05244595201345015
"Fargo, ND",42.52054794520548,0.06605789545708225,38.86776859504132,0.06349492652654719,3.6527793501641597,0.0025629689305350645
"Farmington, NM",52.26301369863014,0.07887657782645743,55.06301369863014,0.05482024392063983,-2.799999999999997,0.0240563339058176
"Fayetteville, NC",44.41111111111111,0.07542830686581588,43.29201101928375,0.060593936187941344,1.119100091827363,0.014834370677874534
"Flagstaff, AZ",48.06301369863014,0.04516903933204337,47.320547945205476,0.05707238740747033,0.7424657534246606,-0.011903348075426957
"Flint, MI",45.65384615384615,0.0711476175401158,42.61470588235294,0.06604140458100317,3.03914027149321,0.0051062129591126215
"Florence, SC",44.94490358126722,0.05286602333439363,41.828729281767956,0.05458435922395444,3.1161742994992636,-0.0017183358895608083
"Fond Du Lac, WI",37.679802955665025,0.08487481210278251,36.35643564356435,0.09157091865898978,1.3233673121006717,-0.006696106556207268
"Fort Atkinson, WI",39.005,0.0987008850621711,38.275862068965516,0.0825839896996877,0.7291379310344865,0.01611689536248341
"Fort Collins, CO",57.43287671232877,0.05955225881537728,55.397260273972606,0.0575466536972872,2.035616438356165,0.00200560511809008
"Fort Lauderdale, FL",51.45479452054794,0.02592630756080614,50.31043956043956,0.037418691931681805,1.1443549601083802,-0.011492384370875665
"Fort Madison, IA",39.27358490566038,0.06647230220734925,40.825,0.11288729430162232,-1.5514150943396245,-0.04641499209427308
"Fort Payne, AL",38.36538461538461,0.07816119440475652,40.800554016620495,0.08457115130310819,-2.435169401235882,-0.006409956898351665
"Fort Smith, AR",42.91208791208791,0.07334244715028457,40.30470914127424,0.06519684644248064,2.607378770813675,0.00814560070780393
"Fort Wayne, IN",48.44657534246576,0.07487632012010238,52.082191780821915,0.06938038638678547,-3.635616438356152,0.005495933733316916
"Franklin, TN",52.59452054794521,0.10719677870573976,52.04931506849315,0.06723735914959697,0.5452054794520578,0.039959419556142795
"Fresno, CA",75.96164383561644,0.06462166015961554,71.58630136986301,0.060595185763301015,4.375342465753434,0.004026474396314525
"Gadsden, AL",44.56545961002786,0.10157788763048609,43.666666666666664,0.07386687042464725,0.8987929433611939,0.027711017205838837
"Gainesville, FL",41.11878453038674,0.04792262649088487,40.8489010989011,0.04170388180278013,0.2698834314856384,0.006218744688104738
"Gainesville, GA",44.11538461538461,0.08705031986821926,45.641176470588235,0.08264835077398552,-1.5257918552036216,0.0044019690942337375
"Gettysburg, PA",46.73972602739726,0.024474577259760832,45.78904109589041,0.04604529143561256,0.9506849315068493,-0.02157071417585173
"Gillette, WY",53.23287671232877,0.07426979073292941,41.63013698630137,0.10678693153048421,11.602739726027394,-0.0325171407975548
"Grand Island, NE",29.922857142857143,0.07978870042013649,27.09278350515464,0.06050317900299911,2.8300736377025046,0.019285521417137373
"Grand Junction, CO",45.961643835616435,0.08202458754470178,48.752747252747255,0.08883759295636671,-2.79110341713082,-0.006813005411664935
"Grand Rapids, MI",50.21917808219178,0.05457325644722299,43.30958904109589,0.05828151978085074,6.909589041095892,-0.0037082633336277537
"Grants Pass, OR",46.87945205479452,0.12109436361933222,40.12054794520548,0.09541666226812463,6.758904109589039,0.025677701351207588
"Grass Valley, CA",59.11232876712329,0.06664962454111012,49.177285318559555,0.08324631215722887,9.935043448563732,-0.016596687616118752
"Great Falls, MT",26.969359331476323,0.13817394516622516,29.97245179063361,0.08317555583500869,-3.003092459157287,0.05499838933121648
"Green Bay, WI",43.710306406685234,0.07749466210831976,40.96952908587257,0.0790652446305961,2.7407773208126613,-0.0015705825222763342
"Greenfield, MA",42.0027397260274,0.08373416122180315,40.92857142857143,0.10705797049602592,1.0741682974559694,-0.02332380927422277
"Greensboro, NC",45.295890410958904,0.04992038651333623,43.83013698630137,0.05303380360842858,1.4657534246575352,-0.003113417095092351
"Greenville, NC",36.91232876712328,0.04390769757847285,40.25568181818182,0.051153280222106655,-3.3433530510585427,-0.007245582643633806
"Hagerstown, MD",41.463276836158194,0.102021978802791,43.82044198895028,0.1250203166290711,-2.357165152792085,-0.022998337826280094
"Hammond, LA",39.46774193548387,0.09131533137546798,40.162393162393165,0.09707147016648456,-0.6946512269092935,-0.0057561387910165795
"Hanford, CA",72.8958904109589,0.04012293712119268,66.56438356164384,0.03295896799183112,6.331506849315062,0.007163969129361555
"Hanover, PA",47.16712328767123,0.10633908076110392,45.36164383561644,0.08568670616317783,1.80547945205479,0.020652374597926085
"Harrison, AR",38.016438356164386,0.09924936565845534,36.942465753424656,0.08197141565899954,1.0739726027397296,0.017277949999455797
"Hattiesburg, MS",48.73698630136986,0.08388185077575973,44.76815642458101,0.07667451557841762,3.9688298767888526,0.00720733519734211
"Helena, MT",49.15890410958904,0.09813143075645048,46.93698630136986,0.09355180059114403,2.2219178082191746,0.00457963016530645
"Henderson, NV",70.71506849315068,0.09159383121305864,60.61917808219178,0.08268907226008095,10.095890410958901,0.008904758952977695
"Hermiston, OR",42.010958904109586,0.07769411636031921,40.92328767123288,0.09570312863819257,1.0876712328767084,-0.018009012277873354
"Hickory, NC",44.61917808219178,0.06619023289297843,45.52602739726027,0.05917821482354884,-0.9068493150684915,0.007012018069429589
"Hillsboro, OR",48.69041095890411,0.05629650857152239,46.31232876712329,0.08468993769374697,2.3780821917808197,-0.028393429122224582
"Hilo, HI",34.293150684931504,0.08766784380882385,23.39178082191781,0.08118478642386304,10.901369863013695,0.006483057384960814
"Hobbs, NM",48.83013698630137,0.09321645212511433,49.83287671232877,0.05903542707592075,-1.0027397260274,0.03418102504919358
"Holland, MI",43.55813953488372,0.06795223585179651,41.93478260869565,0.05548797543817753,1.6233569261880731,0.012464260413618977
"Homosassa, FL",43.4766081871345,0.21360824868840692,41.79551820728291,0.13380022413677595,1.681089979851592,0.07980802455163097
"Honolulu, HI",29.646575342465752,0.04943506105826622,29.39178082191781,0.047645702741866476,0.25479452054794294,0.0017893583163997445
"Hot Springs, AR",42.330357142857146,0.092143469981685,44.04132231404959,0.0743663152409848,-1.7109651711924414,0.0177771547407002
"Houma, LA",44.300561797752806,0.06356702106779447,49.34903047091413,0.06195461064238569,-5.048468673161324,0.0016124104254087793
"Houston, TX",68.5068493150685,0.04199108690622745,64.3917808219178,0.03599978667384309,4.115068493150687,0.00599130023238436
"Huntsville, AL",47.49315068493151,0.05400629153537035,47.4404432132964,0.052750093206996945,0.05270747163510947,0.001256198328373405
"Idaho Falls, ID",44.43561643835616,0.03515145687970521,44.087671232876716,0.03321909468593725,0.34794520547944785,0.00193236219376796
"Indiana, PA",42.73150684931507,0.0518730031685442,38.86571428571428,0.03914640566849888,3.8657925636007846,0.012726597500045317
"Iowa City, IA",44.24657534246575,0.04346252750186549,45.59065934065934,0.050377818437918345,-1.3440839981935895,-0.006915290936052858
"Ithaca, NY",35.933518005540165,0.06988744426743647,35.21067415730337,0.08365322366336088,0.722843848236792,-0.01376577939592441
"Jackson, MS",50.52876712328767,0.05133512242306968,50.93698630136986,0.04894122466690414,-0.40821917808219155,0.002393897756165539
"Jackson, TN",40.629526462395546,0.05605394222849274,36.70718232044199,0.052467915714200786,3.922344141953559,0.0035860265142919553
"Jacksonville, FL",52.37534246575343,0.05294231271903258,51.64657534246575,0.056883884451616434,0.7287671232876747,-0.003941571732583853
"Jasper, IN",40.707317073170735,0.10659761627400788,42.275,0.11797236545487198,-1.5676829268292636,-0.011374749180864105
"Jefferson City, MO",40.43032786885246,0.06526493989222644,38.50612244897959,0.058708822037336454,1.9242054198728695,0.006556117854889985
"Jersey City, NJ",57.81917808219178,0.07564592354978919,61.23013698630137,0.0737017288609195,-3.4109589041095845,0.0019441946888696937
"Johnstown, PA",49.75757575757576,0.06687123868008743,45.95616438356164,0.04118678317262101,3.8014113740141156,0.025684455507466418
"Joplin, MO",39.96694214876033,0.10105661793004982,34.09315068493151,0.08629852521555288,5.873791463828823,0.014758092714496934
"Kalamazoo, MI",50.27272727272727,0.07320423017138714,42.58839779005525,0.060572130079878474,7.684329482672027,0.012632100091508662
"Kalispell, MT",45.97534246575343,0.07908824731196763,41.93150684931507,0.06574613743536985,4.043835616438358,0.013342109876597785
"Kansas City, KS",56.06849315068493,0.03719796697558055,54.02739726027397,0.03321566693190908,2.0410958904109577,0.00398230004367147
"Keene, NH",38.8,0.1334821265724555,36.97260273972603,0.09818960994434767,1.827397260273969,0.03529251662810784
"Kennewick, WA",39.657534246575345,0.07072023136643427,40.53150684931507,0.08261609070765011,-0.8739726027397268,-0.011895859341215842
"Killeen, TX",48.46027397260274,0.05934629806572773,45.6,0.08630047303815251,2.860273972602741,-0.026954174972424784
"Kingman, AZ",19.061624649859944,0.16687256207031312,15.342465753424657,0.12909448682062935,3.719158896435287,0.03777807524968377
"Kingsville, TX",46.622478386167145,0.05288696024241038,41.46478873239437,0.05626125488327114,5.157689653772778,-0.00337429464086076
"Kinston, NC",39.47717842323651,0.11069878716342849,42.35021097046413,0.11599414678862671,-2.8730325472276235,-0.005295359625198226
"Kissimmee, FL",45.25205479452055,0.11423844764804172,45.178082191780824,0.09160078955189196,0.0739726027397225,0.02263765809614976
"Klamath Falls, OR",41.23561643835617,0.11712596613053564,44.43287671232877,0.08880269205781924,-3.197260273972603,0.028323274072716398
"Knoxville, TN",51.7945205479452,0.0682108547940812,52.227397260273975,0.06606222389682197,-0.43287671232877756,0.0021486308972592377
"Kokomo, IN",45.574175824175825,0.10112724521828698,44.662049861495845,0.10468820557730059,0.9121259626799798,-0.0035609603590136124
"La Crosse, WI",41.31780821917808,0.07340956297750381,41.50410958904109,0.08758129250113457,-0.18630136986300982,-0.014171729523630758
"La Grande, OR",33.8393351800554,0.06706806066642511,30.405479452054795,0.09471095408036147,3.433855728000605,-0.02764289341393636
"La Porte, IN",39.27945205479452,0.10603205144643932,41.247252747252745,0.06647388693952803,-1.9678006924582263,0.039558164506911284
"Laconia, NH",31.743016759776538,0.2676301905325485,30.462025316455698,0.11408052041658107,1.2809914433208398,0.15354967011596743
"Lafayette, IN",43.07397260273972,0.08109149560159662,47.11232876712329,0.06817066245886065,-4.038356164383565,0.012920833142735969
"Lafayette, LA",46.95342465753425,0.04553697171682174,46.88493150684931,0.040247512776947936,0.06849315068493667,0.005289458939873808
"Lake Charles, LA",50.97260273972603,0.06814373105750855,51.915068493150685,0.0525568276607391,-0.9424657534246563,0.01558690339676945
"Lake City, FL",45.17906336088154,0.10685629934440348,45.853994490358126,0.10584376166496322,-0.6749311294765832,0.0010125376794402619
"Lakeland, FL",43.80165289256198,0.1029444530995585,43.38630136986301,0.08060408113058037,0.4153515226989697,0.02234037196897813
"Lancaster, PA",60.10958904109589,0.07016383519456965,53.558904109589044,0.0767254327530454,6.550684931506844,-0.006561597558475754
"Laredo, TX",45.99168975069252,0.03926328593773606,50.12602739726027,0.030471670325672096,-4.134337646567751,0.008791615612063961
"Las Cruces, NM",61.93972602739726,0.0683592413441952,63.23835616438356,0.07198039167464179,-1.2986301369862971,-0.0036211503304465903
"Lawrenceburg, TN",28.854700854700855,0.0425334879973904,36.03636363636364,0.07277050092070035,-7.181662781662784,-0.03023701292330995
"Lawton, OK",48.15014164305949,0.04996990710568726,47.728767123287675,0.06545166666759483,0.42137451977181684,-0.015481759561907574
"Lebanon, PA",46.34065934065934,0.103342320360149,48.138888888888886,0.06487031492296103,-1.7982295482295427,0.03847200543718797
"Lewiston, ID",47.4,0.03437235171697686,40.81369863013698,0.049280455519657845,6.5863013698630155,-0.014908103802680983
"Lexington, KY",45.72054794520548,0.05683750881143663,45.62191780821918,0.04594307442635596,0.09863013698630141,0.01089443438508067
"Lima, OH",42.865753424657534,0.10080360276006356,44.39156626506024,0.08146392630441165,-1.5258128404027076,0.019339676455651905
"Lincoln, NE",37.31768953068592,0.07644911855554525,36.75694444444444,0.07280007861148774,0.5607450862414751,0.0036490399440575055
"Lodi, CA",54.49589041095891,0.07227086141846419,53.8054794520548,0.1039753375506805,0.6904109589041099,-0.03170447613221632
"Logan, UT",50.16986301369863,0.01695287462288805,50.827397260273976,0.030364356605624573,-0.6575342465753451,-0.013411481982736524
"Longview, TX",37.06849315068493,0.08618950098252581,36.16574585635359,0.07175337296101338,0.9027472943313413,0.014436128021512437
"Longview, WA",26.80716253443526,0.0917907886066284,28.63888888888889,0.1253542030762553,-1.8317263544536289,-0.03356341446962691
"Louisville, KY",54.8,0.07531451696289031,55.74246575342466,0.0686567605426341,-0.9424657534246634,0.006657756420256206
"Lubbock, TX",28.095100864553313,0.05298056791102225,34.121212121212125,0.04865066238636092,-6.026111256658812,0.00432990552466133
"Ludington, MI",37.851694915254235,0.06810030639767838,34.21259842519685,0.047701955194123,3.6390964900573834,0.020398351203555376
"Lynchburg, VA",31.28448275862069,0.05703793349183949,34.157407407407405,0.06798144303240738,-2.8729246487867144,-0.010943509540567893
"Macon, GA",46.1972602739726,0.06352330307048264,46.60497237569061,0.06458267485660028,-0.40771210171800476,-0.0010593717861176466
"Madera, CA",59.06849315068493,0.0960835431048952,56.35342465753425,0.06842830389515271,2.7150684931506817,0.027655239209742485
"Madison, WI",45.298630136986304,0.0542094128106862,45.48219178082192,0.059702750351100835,-0.1835616438356169,-0.0054933375404146376
"Manchester, NH",40.16712328767123,0.07407079308765516,37.74520547945205,0.07855121165936532,2.4219178082191775,-0.004480418571710165
"Manitowoc, WI",43.333333333333336,0.08011659351954845,37.039603960396036,0.08264109006057396,6.2937293729373,-0.002524496541025517
"Marietta, OH",39.68571428571428,0.08229567616246034,41.67755102040816,0.04655775350934815,-1.9918367346938766,0.03573792265311219
"Marshall, MN",39.01123595505618,0.05906850130987821,36.193370165745854,0.08715269303658199,2.817865789310325,-0.028084191726703782
"Mason City, IA",18.23931623931624,0.0247429491692064,15.728813559322035,0.08523627171271951,2.510502679994204,-0.06049332254351311
"Mcalester, OK",47.60344827586207,0.12956200974081503,46.59452054794521,0.11902527932292292,1.0089277279168627,0.010536730417892104
"Medford, OR",47.50410958904109,0.0966827063000894,44.61917808219178,0.07372371452473882,2.8849315068493127,0.022958991775350587
"Melbourne, FL",43.04657534246575,0.0589102111776103,39.54985754985755,0.06064042262249608,3.4967177926082016,-0.0017302114448857833
"Memphis, TN",54.48219178082192,0.04919295062005231,53.92876712328767,0.04544346423398932,0.5534246575342507,0.0037494863860629904
"Merced, CA",59.25753424657534,0.1063789309486168,55.03013698630137,0.1214822848371539,4.227397260273968,-0.015103353888537091
"Meridian, MS",35.704166666666666,0.05287020585004969,35.95510204081633,0.046686425318036295,-0.2509353741496625,0.0061837805320133915
"Mesa, AZ",94.55342465753424,0.10411461978400884,91.64657534246575,0.0794666885860848,2.9068493150684844,0.024647931197924036
"Metairie, LA",52.227397260273975,0.05766507857281034,52.271232876712325,0.04676467118291461,-0.043835616438350655,0.010900407389895735
"Miami, OK",54.37260273972603,0.14285312577534814,44.02203856749311,0.10454707740506995,10.350564172232914,0.03830604837027819
"Middlesboro, KY",47.84931506849315,0.11530631707109294,39.39923954372624,0.09175641479278589,8.450075524766909,0.023549902278307056
"Milwaukee, WI",51.61369863013699,0.06316516176744731,49.88767123287671,0.06913722754672388,1.7260273972602747,-0.0059720657792765725
"Minot, ND",38.559888579387184,0.07621050225810796,32.20054945054945,0.08097281305425269,6.359339128837732,-0.004762310796144725
"Mishawaka, IN",51.95068493150685,0.03496262169522211,47.76986301369863,0.02082039364246768,4.180821917808217,0.014142228052754429
"Missoula, MT",57.465753424657535,0.06257162778131174,51.30684931506849,0.05986825986515337,6.158904109589045,0.0027033679161583696
"Mobile, AL",42.33884297520661,0.05351788573405743,47.47457627118644,0.05307559970384828,-5.135733295979833,4.4228603020914775e-4
"Modesto, CA",63.6986301369863,0.06659192570632219,58.32876712328767,0.07720376139386934,5.369863013698634,-0.010611835687547144
"Monroe, LA",38.089136490250695,0.05975259457099555,36.99724517906336,0.04279336940081827,1.0918913111873323,0.016959225170177276
"Monroe, MI",38.459016393442624,0.0621710712735391,21.885245901639344,0.08402112109258364,16.57377049180328,-0.021850049819044537
"Montgomery, AL",41.602739726027394,0.04662237475934815,56.66575342465753,0.040981624980876576,-15.063013698630137,0.005640749778471572
"Morehead City, NC",36.36768802228412,0.0607770314956023,38.50579150579151,0.06910119523551442,-2.138103483507386,-0.00832416373991212
"Morgantown, WV",37.785714285714285,0.06122841561487849,41.021660649819495,0.055021967703981864,-3.23594636410521,0.006206447910896626
"Morristown, TN",41.18852459016394,0.1360835810650428,43.337606837606835,0.13857660001329186,-2.149082247442898,-0.0024930189482490483
"Moses Lake, WA",34.97808219178082,0.06744126381283141,29.594520547945205,0.07657355659544272,5.383561643835616,-0.00913229278261131
"Mount Vernon, IL",45.79726027397261,0.0925752507513624,47.401162790697676,0.10580839705472259,-1.6039025167250642,-0.013233146303360185
"Mount Vernon, OH",39.906122448979595,0.0717982415705555,42.457142857142856,0.061028560733220376,-2.551020408163261,0.010769680837335129
"Muncie, IN",39.01671309192201,0.11520773704158664,37.41477272727273,0.11079729138997628,1.6019403646492805,0.004410445651610362
"Muscatine, IA",41.61917808219178,0.11987907616310908,42.013698630136986,0.11416463317687704,-0.39452054794520564,0.005714442986232041
"Muskegon, MI",41.1275720164609,0.1095700467102507,39.01908396946565,0.07599050859757578,2.108488046995255,0.03357953811267492
"New Braunfels, TX",59.0027397260274,0.04092091334527615,56.07123287671233,0.04410051558093915,2.9315068493150704,-0.0031796022356629997
"New Castle, IN",36.270270270270274,0.08224516974803983,39.27731092436975,0.06317040096083373,-3.0070406540994767,0.019074768787206098
"New London, CT",40.36164383561644,0.07080248385158594,40.55494505494506,0.06416802845504979,-0.19330121932861744,0.006634455396536149
"Newport News, VA",42.608219178082194,0.08573798535033335,41.778082191780825,0.06698531980963664,0.830136986301369,0.01875266554069671
"Nogales, AZ",44.32212885154062,0.0240972637412302,42.13259668508287,0.04659067646599202,2.189532166457745,-0.02249341272476182
"Ocala, FL",44.25619834710744,0.08015738514382942,44.75342465753425,0.07741110746254112,-0.49722631042680376,0.002746277681288295
"Odessa, TX",38.43888888888889,0.04663966176188105,39.536723163841806,0.047364554145179504,-1.0978342749529162,-7.248923832984533e-4
"Ogden, UT",56.68493150684932,0.04905212782765376,52.32876712328767,0.044891441283148786,4.356164383561648,0.004160686544504973
"Olympia, WA",29.899425287356323,0.1067248705426961,35.964383561643835,0.09611428929767757,-6.0649582742875126,0.010610581245018527
"Ontario, CA",115.4054794520548,0.08750234765914691,100.36712328767123,0.06180343481145333,15.038356164383572,0.02569891284769358
"Orem, UT",52.25205479452055,0.06451419019537431,50.583561643835615,0.02042304799873403,1.668493150684931,0.04409114219664029
"Owensboro, KY",47.38356164383562,0.1077943209108667,47.527472527472526,0.08522398200776948,-0.14391088363690585,0.022570338903097217
"Oxnard, CA",55.47123287671233,0.03879590116508785,54.64657534246575,0.02529316312781258,0.8246575342465761,0.013502738037275266
"Paducah, KY",47.34202898550725,0.07221115033610671,48.57967032967033,0.05584894211461528,-1.2376413441630802,0.016362208221491432
"Pahrump, NV",31.310055865921782,0.19042467212220465,18.39178082191781,0.12145980079774105,12.918275044003973,0.0689648713244636
"Palatka, FL",17.068111455108358,0.11341334982866123,18.256410256410255,0.0929490348365538,-1.1882988013018974,0.020464314992107435
"Panama City, FL",45.91232876712328,0.05486832889999567,45.76750700280112,0.06431852692819404,0.14482176432215965,-0.009450198028198367
"Parkersburg, WV",39.644128113879006,0.05599457066392056,40.65342960288809,0.04945726846804102,-1.0093014890090828,0.006537302195879537
"Payson, AZ",52.49041095890411,0.1127413802993627,55.24109589041096,0.11697953000582542,-2.7506849315068536,-0.004238149706462718
"Pensacola, FL",50.20273972602739,0.06927939816081198,48.394520547945206,0.0628417713348093,1.808219178082183,0.006437626826002685
"Peoria, IL",48.824451410658305,0.06756931475744055,45.637362637362635,0.07140943526408458,3.1870887732956703,-0.0038401205066440347
"Pierre, SD",11.143646408839778,0.069448410995815,17.786516853932586,0.045674538539874264,-6.642870445092807,0.023773872455940738
"Pittsburgh, PA",60.8,0.06657867186993079,63.57808219178082,0.06265038796304591,-2.7780821917808254,0.003928283906884877
"Pittsfield, MA",42.49041095890411,0.08828887027210296,42.565934065934066,0.08366388932135692,-0.07552310702995868,0.004624980950746038
"Pocatello, ID",39.84109589041096,0.0919776715822384,25.86027397260274,0.07308537650916662,13.980821917808221,0.018892295073071774
"Port Angeles, WA",40.45753424657534,0.1703062203947385,38.95068493150685,0.15084467113591435,1.506849315068493,0.01946154925882415
"Portland, ME",39.17403314917127,0.06352279657414109,48.43835616438356,0.08825058272204422,-9.264323015212291,-0.024727786147903136
"Portsmouth, OH",21.83835616438356,0.11078962442398022,19.106849315068494,0.07526643286232503,2.731506849315064,0.03552319156165519
"Prescott, AZ",40.67671232876712,0.1681142052728721,44.095238095238095,0.18369092636521447,-3.418525766470978,-0.015576721092342372
"Price, UT",42.30769230769231,0.06932837004255206,47.12054794520548,0.05412430185513231,-4.812855637513174,0.015204068187419748
"Providence, RI",46.84931506849315,0.03402562821391158,49.33424657534247,0.037991755788092024,-2.484931506849321,-0.003966127574180446
"Pueblo, CO",25.492836676217767,0.08303600268761911,25.571428571428573,0.06193615459030994,-0.07859189521080623,0.021099848097309172
"Quincy, IL",38.51476793248945,0.07392644169324183,41.850622406639005,0.08181669255754447,-3.3358544741495564,-0.007890250864302631
"Racine, WI",44.084158415841586,0.1376981129217388,41.78817733990148,0.09850694037842227,2.295981075940105,0.03919117254331654
"Raleigh, NC",47.57808219178082,0.06638809507250489,52.14520547945205,0.057802720451100034,-4.5671232876712295,0.008585374621404851
"Rapid City, SD",51.56438356164384,0.07692996585525362,46.46849315068493,0.061886342728862405,5.0958904109589085,0.015043623126391216
"Reading, PA",46.23013698630137,0.06759541176147771,48.06027397260274,0.08199802369030457,-1.830136986301369,-0.014402611928826858
"Red Bluff, CA",48.47945205479452,0.1727852561037381,45.632876712328766,0.15770542417186206,2.846575342465755,0.015079831931876037
"Red Wing, MN",38.22727272727273,0.14820288539166665,37.157407407407405,0.1664893188762953,1.0698653198653219,-0.01828643348462866
"Redding, CA",49.55616438356165,0.06971295550919242,42.91208791208791,0.0682282205099783,6.644076471473738,0.0014847349992141157
"Reno, NV",56.42465753424658,0.07192451971348121,50.18630136986302,0.0806483813855498,6.2383561643835606,-0.008723861672068595
"Richmond, VA",46.94794520547945,0.06148652384361802,48.010958904109586,0.05336238152044877,-1.0630136986301366,0.00812414232316925
"Riverton, WY",48.487671232876714,0.19849055392114776,47.465753424657535,0.1593581753680328,1.0219178082191789,0.039132378553114966
"Roanoke, VA",42.74520547945205,0.04598974038040435,39.21095890410959,0.051140303947400774,3.534246575342465,-0.005150563566996426
"Roanoke Rapids, NC",34.06353591160221,0.06422456927507433,38.71895424836601,0.05782352341006414,-4.655418336763802,0.0064010458650101965
"Rochester, MN",40.82172701949861,0.03506223672184905,41.54120879120879,0.03530959629990529,-0.7194817717101785,-2.4735957805623737e-4
"Rochester, NY",43.64657534246575,0.05811311055433466,42.76438356164383,0.05914215505377013,0.8821917808219197,-0.001029044499435472
"Rock Springs, WY",46.8054794520548,0.11423611088867593,48.71232876712329,0.10421427904316911,-1.9068493150684915,0.010021831845506812
"Rockford, IL",45.06611570247934,0.09818318266784708,48.3049853372434,0.09447668416196184,-3.2388696347640646,0.003706498505885239
"Rocky Mount, NC",36.13483146067416,0.12128539990808872,38.79338842975206,0.09712676342307329,-2.6585569690779067,0.024158636485015428
"Rome, GA",36.05898876404494,0.09754131768837772,50.49862258953168,0.07801162037929606,-14.439633825486737,0.01952969730908166
"Rome, NY",28.129518072289155,0.1806783139088937,30.726256983240223,0.15753203639400623,-2.5967389109510677,0.02314627751488746
"Roseburg, OR",45.82608695652174,0.11259751731358074,36.10374639769452,0.0947833334216661,9.72234055882722,0.017814183891914637
"Roseville, CA",70.96986301369863,0.06464157889468831,61.31780821917808,0.08621617414239595,9.652054794520545,-0.021574595247707634
"Roswell, NM",28.446280991735534,0.09078873032451744,23.491525423728813,0.12922711204061255,4.954755568006721,-0.03843838171609511
"Ruidoso, NM",19.44954128440367,0.10921904797614088,14.85981308411215,0.16078005263261805,4.589728200291519,-0.05156100465647717
"Rutland, VT",40.72054794520548,0.12650511634465858,42.12876712328767,0.11430738736453006,-1.4082191780821915,0.012197728980128525
"Salem, OH",13.901639344262296,0.10977408343393244,12.629032258064516,0.08186412819538004,1.2726070861977803,0.0279099552385524
"Salem, OR",41.83835616438356,0.07116673119160827,39.943820224719104,0.07703987573454234,1.8945359396644577,-0.0058731445429340695
"Salinas, CA",40.4027397260274,0.04367879707874145,40.97260273972603,0.05229125638905959,-0.5698630136986296,-0.008612459310318142
"Salisbury, MD",43.983561643835614,0.06193114773277772,45.97534246575343,0.05662646893453247,-1.9917808219178141,0.005304678798245248
"Salt Lake City, UT",65.23013698630137,0.03225652143529816,61.86027397260274,0.03741489991720625,3.369863013698634,-0.005158378481908088
"San Jose, CA",53.12328767123287,0.06183465314275502,50.47945205479452,0.06280951122288042,2.643835616438352,-9.748580801254014e-4
"Sandpoint, ID",38.84615384615385,0.07001033512136422,31.471232876712328,0.09636683695632371,7.3749209694415185,-0.026356501834959495
"Santa Barbara, CA",48.583561643835615,0.04790777068821673,48.2,0.05161057811595384,0.38356164383561264,-0.003702807427737112
"Santa Cruz, CA",37.67397260273973,0.06719357186768084,39.89041095890411,0.06315515022459127,-2.2164383561643817,0.004038421643089568
"Santa Fe, NM",46.32876712328767,0.05528999038321719,46.54419889502763,0.07360027798779674,-0.21543177173995787,-0.018310287604579548
"Santa Rosa, CA",37.4986301369863,0.06058604905321964,37.443835616438356,0.0611877246767568,0.05479452054794365,-6.016756235371623e-4
"Savannah, GA",46.33731343283582,0.07684551432410121,45.51044776119403,0.045937628735732476,0.8268656716417908,0.030907885588368732
"Sayre, PA",40.29042904290429,0.05342276667193964,41.70170454545455,0.060020196058632416,-1.4112755025502537,-0.006597429386692777
"Scottsbluff, NE",18.05604719764012,0.04770924967855436,26.150442477876105,0.0779298507156281,-8.094395280235986,-0.030220601037073733
"Sebastian, FL",33.582633053221286,0.06431526952118635,36.516417910447764,0.05643321902897483,-2.9337848572264775,0.007882050492211523
"Sebring, FL",33.710601719197705,0.05275355890752467,36.012875536480685,0.0676352268981319,-2.3022738172829804,-0.014881667990607222
"Sevierville, TN",44.938709677419354,0.2472759150492056,45.760989010989015,0.2268463459392983,-0.8222793335696608,0.020429569109907286
"Sheboygan, WI",44.8423645320197,0.08956557567881762,40.800970873786405,0.10728250406732281,4.0413936582332965,-0.017716928388505193
"Sheridan, WY",45.87671232876713,0.08866875269212203,39.69041095890411,0.07147860350538365,6.186301369863017,0.017190149186738377
"Show Low, AZ",44.69505494505494,0.28491747302493575,44.515068493150686,0.21130104617603476,0.17998645190425577,0.07361642684890099
"Sioux City, IA",36.64601769911504,0.11616069120537946,40.247252747252745,0.1061127250599249,-3.6012350481377027,0.010047966145454557
"Sioux Falls, SD",41.45205479452055,0.06213702894949189,39.52876712328767,0.049463153878685474,1.9232876712328775,0.012673875070806417
"Somerset, KY",42.87743732590529,0.13276758060023697,39.5177304964539,0.10060080107817021,3.3597068294513903,0.03216677952206676
"Somerset, PA",35.02777777777778,0.15590621179805417,36.28133704735376,0.15615798603319697,-1.2535592695759803,-2.517742351428043e-4
"Sonora, CA",39.276,0.12306960884130004,45.849162011173185,0.13664411920543298,-6.573162011173181,-0.013574510364132944
"Spartanburg, SC",47.14876033057851,0.10322915374863992,43.86206896551724,0.1009820087274878,3.286691365061273,0.002247145021152114
"Spokane, WA",51.772602739726025,0.06445546541003372,48.726027397260275,0.06489173339338108,3.0465753424657507,-4.3626798334736594e-4
"Springfield, IL",46.48066298342541,0.09459175467480978,44.99444444444445,0.0925177743428876,1.486218538980964,0.0020739803319221733
"Springfield, MA",46.605479452054794,0.08707461862567069,45.90384615384615,0.07986654956163824,0.7016332982086411,0.0072080690640324435
"Springfield, MO",48.224657534246575,0.09177002905255643,41.0986301369863,0.09583161085959084,7.126027397260273,-0.004061581807034406
"Springfield, OH",47.5887573964497,0.0904875934967938,51.248618784530386,0.08067698506059308,-3.659861388080685,0.009810608436200727
"State College, PA",45.00547945205479,0.07959094053533378,48.87123287671233,0.06360309301225209,-3.865753424657534,0.01598784752308169
"Steubenville, OH",52.09041095890411,0.027839073056298472,52.41095890410959,0.012681827278500713,-0.32054794520548313,0.015157245777797758
"Syracuse, NY",38.83835616438356,0.09129539902521916,40.465753424657535,0.09479100596526785,-1.6273972602739732,-0.00349560694004869
"Tallahassee, FL",47.31780821917808,0.05679849488936861,48.11232876712329,0.05504463597746195,-0.7945205479452042,0.0017538589119066583
"Taos, NM",23.977715877437326,0.05046778449462637,25.79608938547486,0.06915748210370665,-1.818373508037535,-0.018689697609080277
"Terre Haute, IN",48.46849315068493,0.09712081470998564,51.054794520547944,0.06999525646286495,-2.5863013698630155,0.027125558247120693
"Texarkana, AR",48.69627507163324,0.07114558379987154,45.10028653295129,0.07585965198902901,3.595988538681951,-0.004714068189157469
"The Dalles, OR",17.732919254658384,0.1227930758643088,36.29142857142857,0.046001244182028084,-18.558509316770184,0.07679183168228072
"Toledo, OH",45.81491712707182,0.07831070941513363,46.62678062678063,0.06554109868531519,-0.8118634997088066,0.012769610729818442
"Topeka, KS",45.56285714285714,0.06198791397614996,46.93150684931507,0.06975865219538638,-1.36864970645793,-0.00777073821923642
"Torrington, CT",42.09315068493151,0.11078197659543976,39.54520547945206,0.09243299517989564,2.5479452054794507,0.018348981415544113
"Traverse City, MI",39.098765432098766,0.07021657410034905,35.526315789473685,0.054970671780371516,3.572449642625081,0.015245902319977536
"Trenton, NJ",47.13972602739726,0.21152214797483695,47.06027397260274,0.1765222053181375,0.07945205479452255,0.03499994265669945
"Tucson, AZ",57.36164383561644,0.0715426673366132,51.446575342465756,0.06450263556962398,5.9150684931506845,0.007040031766989224
"Tupelo, MS",40.19262295081968,0.06584640215060555,38.67219917012448,0.04911725853791427,1.5204237806952037,0.01672914361269128
"Tuscaloosa, AL",37.767857142857146,0.08360673842094371,38.34469696969697,0.06327668771387485,-0.5768398268398229,0.020330050707068864
"Twin Falls, ID",34.271954674220964,0.08159783398252711,28.356164383561644,0.09150375776406013,5.91579029065932,-0.009905923781533016
"Tyler, TX",41.65289256198347,0.05973673311841727,37.832417582417584,0.051323354428963186,3.820474979565887,0.008413378689454083
"Ukiah, CA",53.54794520547945,0.18303649989287957,38.38227146814405,0.11099565035047722,15.165673737335403,0.07204084954240235
"Valdosta, GA",47.398305084745765,0.05378668389398589,45.49677419354839,0.05764203037708497,1.9015308911973747,-0.003855346483099084
"Vernal, UT",50.054794520547944,0.06969199329427386,61.71780821917808,0.09348324487147258,-11.663013698630138,-0.02379125157719872
"Victoria, TX",31.33615819209039,0.0618294456635114,33.40469208211144,0.06347010177299661,-2.0685338900210475,-0.0016406561094852098
"Vincennes, IN",36.77325581395349,0.067682745298021,36.77437325905292,0.05365203617501905,-0.0011174450994317908,0.014030709123001951
"Wabash, IN",37.55524861878453,0.1241933949782646,37.535612535612536,0.1002435663160368,0.019636083171995722,0.023949828662227807
"Waco, TX",47.760989010989015,0.06318182554507051,39.701369863013696,0.056928349688071346,8.059619147975319,0.0062534758569991675
"Wailuku, HI",22.36842105263158,0.04935257738266706,23.522099447513813,0.052123070414302475,-1.1536783948822347,-0.0027704930316354154
"Walla Walla, WA",42.49315068493151,0.08304544482488858,32.989041095890414,0.05981846047167332,9.504109589041093,0.02322698435321526
"Warner Robins, GA",45.49171270718232,0.08958402172967174,48.01977401129943,0.07508464961246768,-2.5280613041171094,0.014499372117204062
"Washington Court House, OH",35.7578125,0.0790261546246359,36.87042253521127,0.07323733879342326,-1.1126100352112687,0.005788815831212643
"Watertown, NY",33.169444444444444,0.15531845072768272,35.385365853658534,0.11205956859720966,-2.21592140921409,0.04325888213047306
"Watertown, SD",43.00821917808219,0.10896885823223608,33.74792243767313,0.06716224116181263,9.26029674040906,0.04180661707042345
"Wausau, WI",35.13170731707317,0.05631130232859145,35.28780487804878,0.050713740684348495,-0.1560975609756099,0.0055975616442429585
"Wenatchee, WA",44.69315068493151,0.04980033444116384,36.487671232876714,0.09057680754307397,8.205479452054796,-0.04077647310191013
"Wheeling, WV",50.79726027397261,0.07649911194023161,37.772602739726025,0.0856255927528623,13.024657534246586,-0.009126480812630691
"Wichita, KS",52.76712328767123,0.0599949271528386,44.36986301369863,0.05075857641522415,8.397260273972606,0.009236350737614446
"Williamsport, PA",41.7171052631579,0.07318395567842811,37.875346260387815,0.08280575378711058,3.8417590027700825,-0.009621798108682467
"Wilmington, NC",42.066481994459835,0.06786122814430906,35.37643678160919,0.06938281613341106,6.690045212850642,-0.0015215879891019995
"Wilmington, OH",41.84897959183674,0.05706526450754073,43.75,0.06289482644002015,-1.9010204081632622,-0.005829561932479417
"Winona, MN",25.446280991735534,0.08777302047954642,25.37391304347826,0.1106183849379587,0.07236794825727344,-0.022845364458412273
"Winston-Salem, NC",49.14794520547945,0.07028480358720213,51.2,0.05358490187331137,-2.0520547945205507,0.016699901713890755
"Worcester, MA",45.75342465753425,0.0712999322860988,45.821917808219176,0.07311028108035592,-0.06849315068492956,-0.0018103487942571217
"Yakima, WA",50.64383561643836,0.06213111039840637,50.64109589041096,0.07651106910069456,0.0027397260274000246,-0.014379958702288198
"Yuba City, CA",56.30494505494506,0.0740763925547469,49.76164383561644,0.09193982465402212,6.543301219328619,-0.01786343209927521
"Yuma, AZ",50.67945205479453,0.03811327672432125,49.79178082191781,0.04851298646658605,0.8876712328767198,-0.010399709742264798
